date_time,temp_C 
7/3/13 18:00,3.406
7/3/13 18:30,3.406
7/3/13 19:00,3.406
7/3/13 19:30,3.406
7/3/13 20:00,3.406
7/3/13 20:30,3.406
7/3/13 21:00,3.406
7/3/13 21:30,3.406
7/3/13 22:00,3.406
7/3/13 22:30,3.38
7/3/13 23:00,3.38
7/3/13 23:30,3.38
7/4/13 0:00,3.38
7/4/13 0:30,3.38
7/4/13 1:00,3.38
7/4/13 1:30,3.38
7/4/13 2:00,3.38
7/4/13 2:30,3.38
7/4/13 3:00,3.38
7/4/13 3:30,3.38
7/4/13 4:00,3.38
7/4/13 4:30,3.38
7/4/13 5:00,3.38
7/4/13 5:30,3.38
7/4/13 6:00,3.38
7/4/13 6:30,3.38
7/4/13 7:00,3.38
7/4/13 7:30,3.38
7/4/13 8:00,3.38
7/4/13 8:30,3.38
7/4/13 9:00,3.38
7/4/13 9:30,3.38
7/4/13 10:00,3.406
7/4/13 10:30,3.406
7/4/13 11:00,3.406
7/4/13 11:30,3.406
7/4/13 12:00,3.406
7/4/13 12:30,3.406
7/4/13 13:00,3.406
7/4/13 13:30,3.406
7/4/13 14:00,3.433
7/4/13 14:30,3.406
7/4/13 15:00,3.406
7/4/13 15:30,3.406
7/4/13 16:00,3.406
7/4/13 16:30,3.406
7/4/13 17:00,3.406
7/4/13 17:30,3.406
7/4/13 18:00,3.406
7/4/13 18:30,3.406
7/4/13 19:00,3.406
7/4/13 19:30,3.406
7/4/13 20:00,3.406
7/4/13 20:30,3.38
7/4/13 21:00,3.38
7/4/13 21:30,3.38
7/4/13 22:00,3.38
7/4/13 22:30,3.38
7/4/13 23:00,3.38
7/4/13 23:30,3.38
7/5/13 0:00,3.38
7/5/13 0:30,3.38
7/5/13 1:00,3.38
7/5/13 1:30,3.38
7/5/13 2:00,3.38
7/5/13 2:30,3.38
7/5/13 3:00,3.38
7/5/13 3:30,3.38
7/5/13 4:00,3.38
7/5/13 4:30,3.38
7/5/13 5:00,3.38
7/5/13 5:30,3.38
7/5/13 6:00,3.38
7/5/13 6:30,3.38
7/5/13 7:00,3.38
7/5/13 7:30,3.38
7/5/13 8:00,3.38
7/5/13 8:30,3.38
7/5/13 9:00,3.38
7/5/13 9:30,3.406
7/5/13 10:00,3.406
7/5/13 10:30,3.406
7/5/13 11:00,3.406
7/5/13 11:30,3.406
7/5/13 12:00,3.406
7/5/13 12:30,3.406
7/5/13 13:00,3.406
7/5/13 13:30,3.406
7/5/13 14:00,3.406
7/5/13 14:30,3.433
7/5/13 15:00,3.406
7/5/13 15:30,3.406
7/5/13 16:00,3.406
7/5/13 16:30,3.406
7/5/13 17:00,3.406
7/5/13 17:30,3.406
7/5/13 18:00,3.406
7/5/13 18:30,3.406
7/5/13 19:00,3.406
7/5/13 19:30,3.406
7/5/13 20:00,3.406
7/5/13 20:30,3.406
7/5/13 21:00,3.38
7/5/13 21:30,3.38
7/5/13 22:00,3.38
7/5/13 22:30,3.38
7/5/13 23:00,3.38
7/5/13 23:30,3.38
7/6/13 0:00,3.38
7/6/13 0:30,3.38
7/6/13 1:00,3.38
7/6/13 1:30,3.38
7/6/13 2:00,3.38
7/6/13 2:30,3.38
7/6/13 3:00,3.38
7/6/13 3:30,3.38
7/6/13 4:00,3.38
7/6/13 4:30,3.38
7/6/13 5:00,3.38
7/6/13 5:30,3.38
7/6/13 6:00,3.38
7/6/13 6:30,3.38
7/6/13 7:00,3.38
7/6/13 7:30,3.38
7/6/13 8:00,3.38
7/6/13 8:30,3.38
7/6/13 9:00,3.406
7/6/13 9:30,3.406
7/6/13 10:00,3.406
7/6/13 10:30,3.406
7/6/13 11:00,3.406
7/6/13 11:30,3.406
7/6/13 12:00,3.406
7/6/13 12:30,3.406
7/6/13 13:00,3.406
7/6/13 13:30,3.406
7/6/13 14:00,3.433
7/6/13 14:30,3.433
7/6/13 15:00,3.406
7/6/13 15:30,3.406
7/6/13 16:00,3.406
7/6/13 16:30,3.406
7/6/13 17:00,3.406
7/6/13 17:30,3.406
7/6/13 18:00,3.406
7/6/13 18:30,3.406
7/6/13 19:00,3.406
7/6/13 19:30,3.406
7/6/13 20:00,3.406
7/6/13 20:30,3.406
7/6/13 21:00,3.406
7/6/13 21:30,3.406
7/6/13 22:00,3.406
7/6/13 22:30,3.406
7/6/13 23:00,3.406
7/6/13 23:30,3.38
7/7/13 0:00,3.38
7/7/13 0:30,3.38
7/7/13 1:00,3.38
7/7/13 1:30,3.38
7/7/13 2:00,3.38
7/7/13 2:30,3.38
7/7/13 3:00,3.38
7/7/13 3:30,3.38
7/7/13 4:00,3.38
7/7/13 4:30,3.38
7/7/13 5:00,3.38
7/7/13 5:30,3.38
7/7/13 6:00,3.38
7/7/13 6:30,3.38
7/7/13 7:00,3.38
7/7/13 7:30,3.38
7/7/13 8:00,3.38
7/7/13 8:30,3.38
7/7/13 9:00,3.406
7/7/13 9:30,3.406
7/7/13 10:00,3.406
7/7/13 10:30,3.406
7/7/13 11:00,3.406
7/7/13 11:30,3.406
7/7/13 12:00,3.406
7/7/13 12:30,3.433
7/7/13 13:00,3.433
7/7/13 13:30,3.433
7/7/13 14:00,3.433
7/7/13 14:30,3.433
7/7/13 15:00,3.433
7/7/13 15:30,3.433
7/7/13 16:00,3.433
7/7/13 16:30,3.406
7/7/13 17:00,3.406
7/7/13 17:30,3.406
7/7/13 18:00,3.406
7/7/13 18:30,3.406
7/7/13 19:00,3.406
7/7/13 19:30,3.406
7/7/13 20:00,3.406
7/7/13 20:30,3.406
7/7/13 21:00,3.406
7/7/13 21:30,3.406
7/7/13 22:00,3.406
7/7/13 22:30,3.406
7/7/13 23:00,3.406
7/7/13 23:30,3.406
7/8/13 0:00,3.406
7/8/13 0:30,3.406
7/8/13 1:00,3.406
7/8/13 1:30,3.406
7/8/13 2:00,3.406
7/8/13 2:30,3.38
7/8/13 3:00,3.406
7/8/13 3:30,3.38
7/8/13 4:00,3.38
7/8/13 4:30,3.38
7/8/13 5:00,3.38
7/8/13 5:30,3.38
7/8/13 6:00,3.38
7/8/13 6:30,3.38
7/8/13 7:00,3.38
7/8/13 7:30,3.38
7/8/13 8:00,3.406
7/8/13 8:30,3.406
7/8/13 9:00,3.406
7/8/13 9:30,3.406
7/8/13 10:00,3.406
7/8/13 10:30,3.406
7/8/13 11:00,3.406
7/8/13 11:30,3.406
7/8/13 12:00,3.406
7/8/13 12:30,3.433
7/8/13 13:00,3.433
7/8/13 13:30,3.433
7/8/13 14:00,3.433
7/8/13 14:30,3.433
7/8/13 15:00,3.433
7/8/13 15:30,3.433
7/8/13 16:00,3.433
7/8/13 16:30,3.406
7/8/13 17:00,3.433
7/8/13 17:30,3.406
7/8/13 18:00,3.406
7/8/13 18:30,3.406
7/8/13 19:00,3.406
7/8/13 19:30,3.406
7/8/13 20:00,3.406
7/8/13 20:30,3.406
7/8/13 21:00,3.406
7/8/13 21:30,3.406
7/8/13 22:00,3.406
7/8/13 22:30,3.406
7/8/13 23:00,3.406
7/8/13 23:30,3.406
7/9/13 0:00,3.406
7/9/13 0:30,3.406
7/9/13 1:00,3.406
7/9/13 1:30,3.406
7/9/13 2:00,3.406
7/9/13 2:30,3.406
7/9/13 3:00,3.406
7/9/13 3:30,3.406
7/9/13 4:00,3.406
7/9/13 4:30,3.406
7/9/13 5:00,3.406
7/9/13 5:30,3.38
7/9/13 6:00,3.406
7/9/13 6:30,3.38
7/9/13 7:00,3.38
7/9/13 7:30,3.38
7/9/13 8:00,3.406
7/9/13 8:30,3.406
7/9/13 9:00,3.406
7/9/13 9:30,3.406
7/9/13 10:00,3.406
7/9/13 10:30,3.406
7/9/13 11:00,3.406
7/9/13 11:30,3.433
7/9/13 12:00,3.433
7/9/13 12:30,3.433
7/9/13 13:00,3.433
7/9/13 13:30,3.433
7/9/13 14:00,3.433
7/9/13 14:30,3.433
7/9/13 15:00,3.433
7/9/13 15:30,3.433
7/9/13 16:00,3.433
7/9/13 16:30,3.433
7/9/13 17:00,3.433
7/9/13 17:30,3.433
7/9/13 18:00,3.433
7/9/13 18:30,3.433
7/9/13 19:00,3.406
7/9/13 19:30,3.406
7/9/13 20:00,3.406
7/9/13 20:30,3.406
7/9/13 21:00,3.406
7/9/13 21:30,3.406
7/9/13 22:00,3.406
7/9/13 22:30,3.406
7/9/13 23:00,3.406
7/9/13 23:30,3.406
7/10/13 0:00,3.406
7/10/13 0:30,3.406
7/10/13 1:00,3.406
7/10/13 1:30,3.406
7/10/13 2:00,3.406
7/10/13 2:30,3.406
7/10/13 3:00,3.406
7/10/13 3:30,3.406
7/10/13 4:00,3.406
7/10/13 4:30,3.406
7/10/13 5:00,3.406
7/10/13 5:30,3.406
7/10/13 6:00,3.406
7/10/13 6:30,3.406
7/10/13 7:00,3.406
7/10/13 7:30,3.406
7/10/13 8:00,3.406
7/10/13 8:30,3.406
7/10/13 9:00,3.406
7/10/13 9:30,3.406
7/10/13 10:00,3.406
7/10/13 10:30,3.406
7/10/13 11:00,3.406
7/10/13 11:30,3.433
7/10/13 12:00,3.433
7/10/13 12:30,3.433
7/10/13 13:00,3.433
7/10/13 13:30,3.433
7/10/13 14:00,3.433
7/10/13 14:30,3.433
7/10/13 15:00,3.433
7/10/13 15:30,3.433
7/10/13 16:00,3.433
7/10/13 16:30,3.433
7/10/13 17:00,3.433
7/10/13 17:30,3.433
7/10/13 18:00,3.433
7/10/13 18:30,3.406
7/10/13 19:00,3.406
7/10/13 19:30,3.406
7/10/13 20:00,3.406
7/10/13 20:30,3.406
7/10/13 21:00,3.406
7/10/13 21:30,3.406
7/10/13 22:00,3.406
7/10/13 22:30,3.406
7/10/13 23:00,3.406
7/10/13 23:30,3.406
7/11/13 0:00,3.406
7/11/13 0:30,3.406
7/11/13 1:00,3.406
7/11/13 1:30,3.406
7/11/13 2:00,3.406
7/11/13 2:30,3.406
7/11/13 3:00,3.38
7/11/13 3:30,3.38
7/11/13 4:00,3.38
7/11/13 4:30,3.38
7/11/13 5:00,3.38
7/11/13 5:30,3.406
7/11/13 6:00,3.38
7/11/13 6:30,3.38
7/11/13 7:00,3.406
7/11/13 7:30,3.406
7/11/13 8:00,3.406
7/11/13 8:30,3.38
7/11/13 9:00,3.406
7/11/13 9:30,3.406
7/11/13 10:00,3.406
7/11/13 10:30,3.406
7/11/13 11:00,3.406
7/11/13 11:30,3.406
7/11/13 12:00,3.406
7/11/13 12:30,3.406
7/11/13 13:00,3.406
7/11/13 13:30,3.433
7/11/13 14:00,3.433
7/11/13 14:30,3.433
7/11/13 15:00,3.433
7/11/13 15:30,3.406
7/11/13 16:00,3.406
7/11/13 16:30,3.406
7/11/13 17:00,3.406
7/11/13 17:30,3.406
7/11/13 18:00,3.406
7/11/13 18:30,3.406
7/11/13 19:00,3.406
7/11/13 19:30,3.406
7/11/13 20:00,3.406
7/11/13 20:30,3.406
7/11/13 21:00,3.406
7/11/13 21:30,3.406
7/11/13 22:00,3.406
7/11/13 22:30,3.406
7/11/13 23:00,3.406
7/11/13 23:30,3.406
7/12/13 0:00,3.406
7/12/13 0:30,3.406
7/12/13 1:00,3.406
7/12/13 1:30,3.406
7/12/13 2:00,3.406
7/12/13 2:30,3.406
7/12/13 3:00,3.406
7/12/13 3:30,3.406
7/12/13 4:00,3.406
7/12/13 4:30,3.406
7/12/13 5:00,3.406
7/12/13 5:30,3.406
7/12/13 6:00,3.406
7/12/13 6:30,3.406
7/12/13 7:00,3.406
7/12/13 7:30,3.406
7/12/13 8:00,3.406
7/12/13 8:30,3.406
7/12/13 9:00,3.406
7/12/13 9:30,3.406
7/12/13 10:00,3.406
7/12/13 10:30,3.406
7/12/13 11:00,3.406
7/12/13 11:30,3.406
7/12/13 12:00,3.406
7/12/13 12:30,3.406
7/12/13 13:00,3.406
7/12/13 13:30,3.433
7/12/13 14:00,3.433
7/12/13 14:30,3.406
7/12/13 15:00,3.406
7/12/13 15:30,3.406
7/12/13 16:00,3.406
7/12/13 16:30,3.406
7/12/13 17:00,3.406
7/12/13 17:30,3.406
7/12/13 18:00,3.406
7/12/13 18:30,3.406
7/12/13 19:00,3.406
7/12/13 19:30,3.406
7/12/13 20:00,3.406
7/12/13 20:30,3.406
7/12/13 21:00,3.406
7/12/13 21:30,3.406
7/12/13 22:00,3.406
7/12/13 22:30,3.406
7/12/13 23:00,3.406
7/12/13 23:30,3.406
7/13/13 0:00,3.406
7/13/13 0:30,3.406
7/13/13 1:00,3.406
7/13/13 1:30,3.38
7/13/13 2:00,3.406
7/13/13 2:30,3.406
7/13/13 3:00,3.38
7/13/13 3:30,3.38
7/13/13 4:00,3.406
7/13/13 4:30,3.38
7/13/13 5:00,3.406
7/13/13 5:30,3.38
7/13/13 6:00,3.38
7/13/13 6:30,3.38
7/13/13 7:00,3.38
7/13/13 7:30,3.38
7/13/13 8:00,3.406
7/13/13 8:30,3.406
7/13/13 9:00,3.406
7/13/13 9:30,3.406
7/13/13 10:00,3.406
7/13/13 10:30,3.406
7/13/13 11:00,3.406
7/13/13 11:30,3.433
7/13/13 12:00,3.433
7/13/13 12:30,3.433
7/13/13 13:00,3.433
7/13/13 13:30,3.433
7/13/13 14:00,3.433
7/13/13 14:30,3.433
7/13/13 15:00,3.433
7/13/13 15:30,3.433
7/13/13 16:00,3.433
7/13/13 16:30,3.433
7/13/13 17:00,3.433
7/13/13 17:30,3.433
7/13/13 18:00,3.433
7/13/13 18:30,3.433
7/13/13 19:00,3.406
7/13/13 19:30,3.406
7/13/13 20:00,3.406
7/13/13 20:30,3.406
7/13/13 21:00,3.406
7/13/13 21:30,3.406
7/13/13 22:00,3.406
7/13/13 22:30,3.406
7/13/13 23:00,3.406
7/13/13 23:30,3.406
7/14/13 0:00,3.406
7/14/13 0:30,3.406
7/14/13 1:00,3.406
7/14/13 1:30,3.406
7/14/13 2:00,3.406
7/14/13 2:30,3.406
7/14/13 3:00,3.406
7/14/13 3:30,3.406
7/14/13 4:00,3.406
7/14/13 4:30,3.406
7/14/13 5:00,3.406
7/14/13 5:30,3.406
7/14/13 6:00,3.406
7/14/13 6:30,3.406
7/14/13 7:00,3.406
7/14/13 7:30,3.406
7/14/13 8:00,3.406
7/14/13 8:30,3.406
7/14/13 9:00,3.406
7/14/13 9:30,3.406
7/14/13 10:00,3.406
7/14/13 10:30,3.433
7/14/13 11:00,3.406
7/14/13 11:30,3.433
7/14/13 12:00,3.433
7/14/13 12:30,3.433
7/14/13 13:00,3.433
7/14/13 13:30,3.433
7/14/13 14:00,3.433
7/14/13 14:30,3.433
7/14/13 15:00,3.433
7/14/13 15:30,3.433
7/14/13 16:00,3.433
7/14/13 16:30,3.433
7/14/13 17:00,3.433
7/14/13 17:30,3.433
7/14/13 18:00,3.433
7/14/13 18:30,3.406
7/14/13 19:00,3.406
7/14/13 19:30,3.406
7/14/13 20:00,3.406
7/14/13 20:30,3.406
7/14/13 21:00,3.406
7/14/13 21:30,3.406
7/14/13 22:00,3.406
7/14/13 22:30,3.406
7/14/13 23:00,3.406
7/14/13 23:30,3.406
7/15/13 0:00,3.406
7/15/13 0:30,3.406
7/15/13 1:00,3.406
7/15/13 1:30,3.406
7/15/13 2:00,3.406
7/15/13 2:30,3.406
7/15/13 3:00,3.406
7/15/13 3:30,3.406
7/15/13 4:00,3.406
7/15/13 4:30,3.406
7/15/13 5:00,3.406
7/15/13 5:30,3.406
7/15/13 6:00,3.406
7/15/13 6:30,3.406
7/15/13 7:00,3.406
7/15/13 7:30,3.406
7/15/13 8:00,3.406
7/15/13 8:30,3.406
7/15/13 9:00,3.406
7/15/13 9:30,3.406
7/15/13 10:00,3.406
7/15/13 10:30,3.433
7/15/13 11:00,3.433
7/15/13 11:30,3.433
7/15/13 12:00,3.433
7/15/13 12:30,3.433
7/15/13 13:00,3.433
7/15/13 13:30,3.433
7/15/13 14:00,3.433
7/15/13 14:30,3.433
7/15/13 15:00,3.433
7/15/13 15:30,3.433
7/15/13 16:00,3.433
7/15/13 16:30,3.433
7/15/13 17:00,3.433
7/15/13 17:30,3.433
7/15/13 18:00,3.433
7/15/13 18:30,3.433
7/15/13 19:00,3.433
7/15/13 19:30,3.433
7/15/13 20:00,3.406
7/15/13 20:30,3.406
7/15/13 21:00,3.406
7/15/13 21:30,3.406
7/15/13 22:00,3.406
7/15/13 22:30,3.406
7/15/13 23:00,3.406
7/15/13 23:30,3.406
7/16/13 0:00,3.406
7/16/13 0:30,3.406
7/16/13 1:00,3.406
7/16/13 1:30,3.406
7/16/13 2:00,3.406
7/16/13 2:30,3.406
7/16/13 3:00,3.406
7/16/13 3:30,3.406
7/16/13 4:00,3.406
7/16/13 4:30,3.406
7/16/13 5:00,3.406
7/16/13 5:30,3.406
7/16/13 6:00,3.406
7/16/13 6:30,3.406
7/16/13 7:00,3.406
7/16/13 7:30,3.406
7/16/13 8:00,3.406
7/16/13 8:30,3.406
7/16/13 9:00,3.433
7/16/13 9:30,3.433
7/16/13 10:00,3.433
7/16/13 10:30,3.433
7/16/13 11:00,3.433
7/16/13 11:30,3.433
7/16/13 12:00,3.433
7/16/13 12:30,3.433
7/16/13 13:00,3.433
7/16/13 13:30,3.433
7/16/13 14:00,3.433
7/16/13 14:30,3.433
7/16/13 15:00,3.433
7/16/13 15:30,3.433
7/16/13 16:00,3.433
7/16/13 16:30,3.433
7/16/13 17:00,3.433
7/16/13 17:30,3.433
7/16/13 18:00,3.433
7/16/13 18:30,3.433
7/16/13 19:00,3.433
7/16/13 19:30,3.433
7/16/13 20:00,3.406
7/16/13 20:30,3.406
7/16/13 21:00,3.406
7/16/13 21:30,3.406
7/16/13 22:00,3.406
7/16/13 22:30,3.406
7/16/13 23:00,3.406
7/16/13 23:30,3.406
7/17/13 0:00,3.406
7/17/13 0:30,3.406
7/17/13 1:00,3.406
7/17/13 1:30,3.406
7/17/13 2:00,3.406
7/17/13 2:30,3.406
7/17/13 3:00,3.406
7/17/13 3:30,3.406
7/17/13 4:00,3.406
7/17/13 4:30,3.433
7/17/13 5:00,3.433
7/17/13 5:30,3.406
7/17/13 6:00,3.406
7/17/13 6:30,3.406
7/17/13 7:00,3.433
7/17/13 7:30,3.406
7/17/13 8:00,3.406
7/17/13 8:30,3.406
7/17/13 9:00,3.433
7/17/13 9:30,3.433
7/17/13 10:00,3.406
7/17/13 10:30,3.433
7/17/13 11:00,3.433
7/17/13 11:30,3.433
7/17/13 12:00,3.433
7/17/13 12:30,3.433
7/17/13 13:00,3.433
7/17/13 13:30,3.433
7/17/13 14:00,3.433
7/17/13 14:30,3.433
7/17/13 15:00,3.433
7/17/13 15:30,3.433
7/17/13 16:00,3.433
7/17/13 16:30,3.433
7/17/13 17:00,3.433
7/17/13 17:30,3.433
7/17/13 18:00,3.433
7/17/13 18:30,3.433
7/17/13 19:00,3.433
7/17/13 19:30,3.433
7/17/13 20:00,3.433
7/17/13 20:30,3.406
7/17/13 21:00,3.406
7/17/13 21:30,3.406
7/17/13 22:00,3.406
7/17/13 22:30,3.406
7/17/13 23:00,3.406
7/17/13 23:30,3.406
7/18/13 0:00,3.406
7/18/13 0:30,3.406
7/18/13 1:00,3.406
7/18/13 1:30,3.406
7/18/13 2:00,3.406
7/18/13 2:30,3.406
7/18/13 3:00,3.406
7/18/13 3:30,3.406
7/18/13 4:00,3.406
7/18/13 4:30,3.406
7/18/13 5:00,3.406
7/18/13 5:30,3.406
7/18/13 6:00,3.406
7/18/13 6:30,3.406
7/18/13 7:00,3.406
7/18/13 7:30,3.406
7/18/13 8:00,3.406
7/18/13 8:30,3.406
7/18/13 9:00,3.406
7/18/13 9:30,3.406
7/18/13 10:00,3.406
7/18/13 10:30,3.459
7/18/13 11:00,3.433
7/18/13 11:30,3.433
7/18/13 12:00,3.433
7/18/13 12:30,3.433
7/18/13 13:00,3.433
7/18/13 13:30,3.433
7/18/13 14:00,3.433
7/18/13 14:30,3.433
7/18/13 15:00,3.433
7/18/13 15:30,3.433
7/18/13 16:00,3.433
7/18/13 16:30,3.433
7/18/13 17:00,3.433
7/18/13 17:30,3.433
7/18/13 18:00,3.433
7/18/13 18:30,3.433
7/18/13 19:00,3.433
7/18/13 19:30,3.433
7/18/13 20:00,3.433
7/18/13 20:30,3.433
7/18/13 21:00,3.433
7/18/13 21:30,3.433
7/18/13 22:00,3.406
7/18/13 22:30,3.406
7/18/13 23:00,3.406
7/18/13 23:30,3.406
7/19/13 0:00,3.406
7/19/13 0:30,3.406
7/19/13 1:00,3.406
7/19/13 1:30,3.406
7/19/13 2:00,3.406
7/19/13 2:30,3.406
7/19/13 3:00,3.406
7/19/13 3:30,3.406
7/19/13 4:00,3.406
7/19/13 4:30,3.406
7/19/13 5:00,3.406
7/19/13 5:30,3.406
7/19/13 6:00,3.406
7/19/13 6:30,3.406
7/19/13 7:00,3.406
7/19/13 7:30,3.406
7/19/13 8:00,3.406
7/19/13 8:30,3.406
7/19/13 9:00,3.406
7/19/13 9:30,3.433
7/19/13 10:00,3.433
7/19/13 10:30,3.433
7/19/13 11:00,3.433
7/19/13 11:30,3.433
7/19/13 12:00,3.433
7/19/13 12:30,3.433
7/19/13 13:00,3.433
7/19/13 13:30,3.433
7/19/13 14:00,3.433
7/19/13 14:30,3.433
7/19/13 15:00,3.433
7/19/13 15:30,3.433
7/19/13 16:00,3.433
7/19/13 16:30,3.433
7/19/13 17:00,3.433
7/19/13 17:30,3.433
7/19/13 18:00,3.433
7/19/13 18:30,3.433
7/19/13 19:00,3.433
7/19/13 19:30,3.433
7/19/13 20:00,3.433
7/19/13 20:30,3.433
7/19/13 21:00,3.433
7/19/13 21:30,3.433
7/19/13 22:00,3.433
7/19/13 22:30,3.433
7/19/13 23:00,3.433
7/19/13 23:30,3.406
7/20/13 0:00,3.406
7/20/13 0:30,3.406
7/20/13 1:00,3.406
7/20/13 1:30,3.406
7/20/13 2:00,3.406
7/20/13 2:30,3.406
7/20/13 3:00,3.406
7/20/13 3:30,3.406
7/20/13 4:00,3.406
7/20/13 4:30,3.406
7/20/13 5:00,3.406
7/20/13 5:30,3.406
7/20/13 6:00,3.406
7/20/13 6:30,3.406
7/20/13 7:00,3.406
7/20/13 7:30,3.406
7/20/13 8:00,3.406
7/20/13 8:30,3.406
7/20/13 9:00,3.433
7/20/13 9:30,3.433
7/20/13 10:00,3.433
7/20/13 10:30,3.433
7/20/13 11:00,3.433
7/20/13 11:30,3.433
7/20/13 12:00,3.433
7/20/13 12:30,3.433
7/20/13 13:00,3.433
7/20/13 13:30,3.433
7/20/13 14:00,3.433
7/20/13 14:30,3.433
7/20/13 15:00,3.433
7/20/13 15:30,3.433
7/20/13 16:00,3.433
7/20/13 16:30,3.433
7/20/13 17:00,3.433
7/20/13 17:30,3.433
7/20/13 18:00,3.433
7/20/13 18:30,3.433
7/20/13 19:00,3.433
7/20/13 19:30,3.433
7/20/13 20:00,3.433
7/20/13 20:30,3.433
7/20/13 21:00,3.433
7/20/13 21:30,3.433
7/20/13 22:00,3.433
7/20/13 22:30,3.433
7/20/13 23:00,3.433
7/20/13 23:30,3.433
7/21/13 0:00,3.406
7/21/13 0:30,3.406
7/21/13 1:00,3.406
7/21/13 1:30,3.406
7/21/13 2:00,3.406
7/21/13 2:30,3.433
7/21/13 3:00,3.406
7/21/13 3:30,3.406
7/21/13 4:00,3.406
7/21/13 4:30,3.406
7/21/13 5:00,3.406
7/21/13 5:30,3.406
7/21/13 6:00,3.406
7/21/13 6:30,3.406
7/21/13 7:00,3.406
7/21/13 7:30,3.406
7/21/13 8:00,3.406
7/21/13 8:30,3.433
7/21/13 9:00,3.433
7/21/13 9:30,3.433
7/21/13 10:00,3.433
7/21/13 10:30,3.433
7/21/13 11:00,3.433
7/21/13 11:30,3.433
7/21/13 12:00,3.433
7/21/13 12:30,3.433
7/21/13 13:00,3.433
7/21/13 13:30,3.433
7/21/13 14:00,3.433
7/21/13 14:30,3.433
7/21/13 15:00,3.433
7/21/13 15:30,3.433
7/21/13 16:00,3.433
7/21/13 16:30,3.433
7/21/13 17:00,3.433
7/21/13 17:30,3.433
7/21/13 18:00,3.433
7/21/13 18:30,3.433
7/21/13 19:00,3.433
7/21/13 19:30,3.433
7/21/13 20:00,3.433
7/21/13 20:30,3.433
7/21/13 21:00,3.433
7/21/13 21:30,3.433
7/21/13 22:00,3.433
7/21/13 22:30,3.433
7/21/13 23:00,3.433
7/21/13 23:30,3.433
7/22/13 0:00,3.433
7/22/13 0:30,3.433
7/22/13 1:00,3.406
7/22/13 1:30,3.406
7/22/13 2:00,3.406
7/22/13 2:30,3.406
7/22/13 3:00,3.406
7/22/13 3:30,3.406
7/22/13 4:00,3.406
7/22/13 4:30,3.406
7/22/13 5:00,3.406
7/22/13 5:30,3.406
7/22/13 6:00,3.406
7/22/13 6:30,3.406
7/22/13 7:00,3.406
7/22/13 7:30,3.406
7/22/13 8:00,3.406
7/22/13 8:30,3.433
7/22/13 9:00,3.433
7/22/13 9:30,3.433
7/22/13 10:00,3.433
7/22/13 10:30,3.433
7/22/13 11:00,3.433
7/22/13 11:30,3.433
7/22/13 12:00,3.433
7/22/13 12:30,3.433
7/22/13 13:00,3.433
7/22/13 13:30,3.433
7/22/13 14:00,3.433
7/22/13 14:30,3.433
7/22/13 15:00,3.433
7/22/13 15:30,3.433
7/22/13 16:00,3.433
7/22/13 16:30,3.433
7/22/13 17:00,3.433
7/22/13 17:30,3.433
7/22/13 18:00,3.433
7/22/13 18:30,3.433
7/22/13 19:00,3.433
7/22/13 19:30,3.433
7/22/13 20:00,3.433
7/22/13 20:30,3.433
7/22/13 21:00,3.433
7/22/13 21:30,3.433
7/22/13 22:00,3.433
7/22/13 22:30,3.433
7/22/13 23:00,3.433
7/22/13 23:30,3.406
7/23/13 0:00,3.433
7/23/13 0:30,3.406
7/23/13 1:00,3.406
7/23/13 1:30,3.406
7/23/13 2:00,3.406
7/23/13 2:30,3.406
7/23/13 3:00,3.406
7/23/13 3:30,3.406
7/23/13 4:00,3.406
7/23/13 4:30,3.406
7/23/13 5:00,3.406
7/23/13 5:30,3.406
7/23/13 6:00,3.406
7/23/13 6:30,3.406
7/23/13 7:00,3.406
7/23/13 7:30,3.406
7/23/13 8:00,3.406
7/23/13 8:30,3.433
7/23/13 9:00,3.433
7/23/13 9:30,3.433
7/23/13 10:00,3.433
7/23/13 10:30,3.433
7/23/13 11:00,3.433
7/23/13 11:30,3.433
7/23/13 12:00,3.433
7/23/13 12:30,3.433
7/23/13 13:00,3.433
7/23/13 13:30,3.433
7/23/13 14:00,3.433
7/23/13 14:30,3.433
7/23/13 15:00,3.433
7/23/13 15:30,3.433
7/23/13 16:00,3.433
7/23/13 16:30,3.433
7/23/13 17:00,3.433
7/23/13 17:30,3.433
7/23/13 18:00,3.433
7/23/13 18:30,3.433
7/23/13 19:00,3.433
7/23/13 19:30,3.433
7/23/13 20:00,3.433
7/23/13 20:30,3.433
7/23/13 21:00,3.433
7/23/13 21:30,3.433
7/23/13 22:00,3.433
7/23/13 22:30,3.433
7/23/13 23:00,3.433
7/23/13 23:30,3.433
7/24/13 0:00,3.433
7/24/13 0:30,3.433
7/24/13 1:00,3.433
7/24/13 1:30,3.433
7/24/13 2:00,3.433
7/24/13 2:30,3.406
7/24/13 3:00,3.406
7/24/13 3:30,3.406
7/24/13 4:00,3.433
7/24/13 4:30,3.406
7/24/13 5:00,3.406
7/24/13 5:30,3.406
7/24/13 6:00,3.406
7/24/13 6:30,3.406
7/24/13 7:00,3.406
7/24/13 7:30,3.406
7/24/13 8:00,3.406
7/24/13 8:30,3.433
7/24/13 9:00,3.433
7/24/13 9:30,3.433
7/24/13 10:00,3.433
7/24/13 10:30,3.433
7/24/13 11:00,3.433
7/24/13 11:30,3.433
7/24/13 12:00,3.433
7/24/13 12:30,3.433
7/24/13 13:00,3.433
7/24/13 13:30,3.433
7/24/13 14:00,3.433
7/24/13 14:30,3.433
7/24/13 15:00,3.433
7/24/13 15:30,3.433
7/24/13 16:00,3.433
7/24/13 16:30,3.433
7/24/13 17:00,3.433
7/24/13 17:30,3.433
7/24/13 18:00,3.433
7/24/13 18:30,3.433
7/24/13 19:00,3.433
7/24/13 19:30,3.433
7/24/13 20:00,3.433
7/24/13 20:30,3.433
7/24/13 21:00,3.433
7/24/13 21:30,3.433
7/24/13 22:00,3.433
7/24/13 22:30,3.433
7/24/13 23:00,3.433
7/24/13 23:30,3.433
7/25/13 0:00,3.433
7/25/13 0:30,3.433
7/25/13 1:00,3.433
7/25/13 1:30,3.433
7/25/13 2:00,3.433
7/25/13 2:30,3.406
7/25/13 3:00,3.406
7/25/13 3:30,3.406
7/25/13 4:00,3.406
7/25/13 4:30,3.406
7/25/13 5:00,3.406
7/25/13 5:30,3.406
7/25/13 6:00,3.406
7/25/13 6:30,3.406
7/25/13 7:00,3.406
7/25/13 7:30,3.406
7/25/13 8:00,3.406
7/25/13 8:30,3.433
7/25/13 9:00,3.433
7/25/13 9:30,3.433
7/25/13 10:00,3.433
7/25/13 10:30,3.433
7/25/13 11:00,3.433
7/25/13 11:30,3.433
7/25/13 12:00,3.433
7/25/13 12:30,3.433
7/25/13 13:00,3.433
7/25/13 13:30,3.433
7/25/13 14:00,3.433
7/25/13 14:30,3.433
7/25/13 15:00,3.433
7/25/13 15:30,3.433
7/25/13 16:00,3.433
7/25/13 16:30,3.433
7/25/13 17:00,3.433
7/25/13 17:30,3.433
7/25/13 18:00,3.433
7/25/13 18:30,3.433
7/25/13 19:00,3.433
7/25/13 19:30,3.433
7/25/13 20:00,3.433
7/25/13 20:30,3.433
7/25/13 21:00,3.433
7/25/13 21:30,3.433
7/25/13 22:00,3.433
7/25/13 22:30,3.433
7/25/13 23:00,3.433
7/25/13 23:30,3.433
7/26/13 0:00,3.433
7/26/13 0:30,3.433
7/26/13 1:00,3.433
7/26/13 1:30,3.433
7/26/13 2:00,3.406
7/26/13 2:30,3.406
7/26/13 3:00,3.406
7/26/13 3:30,3.406
7/26/13 4:00,3.406
7/26/13 4:30,3.433
7/26/13 5:00,3.406
7/26/13 5:30,3.406
7/26/13 6:00,3.406
7/26/13 6:30,3.406
7/26/13 7:00,3.406
7/26/13 7:30,3.433
7/26/13 8:00,3.433
7/26/13 8:30,3.433
7/26/13 9:00,3.433
7/26/13 9:30,3.433
7/26/13 10:00,3.433
7/26/13 10:30,3.433
7/26/13 11:00,3.433
7/26/13 11:30,3.433
7/26/13 12:00,3.433
7/26/13 12:30,3.433
7/26/13 13:00,3.433
7/26/13 13:30,3.433
7/26/13 14:00,3.433
7/26/13 14:30,3.433
7/26/13 15:00,3.433
7/26/13 15:30,3.433
7/26/13 16:00,3.433
7/26/13 16:30,3.433
7/26/13 17:00,3.433
7/26/13 17:30,3.433
7/26/13 18:00,3.433
7/26/13 18:30,3.433
7/26/13 19:00,3.433
7/26/13 19:30,3.433
7/26/13 20:00,3.433
7/26/13 20:30,3.433
7/26/13 21:00,3.433
7/26/13 21:30,3.433
7/26/13 22:00,3.433
7/26/13 22:30,3.433
7/26/13 23:00,3.433
7/26/13 23:30,3.433
7/27/13 0:00,3.433
7/27/13 0:30,3.433
7/27/13 1:00,3.433
7/27/13 1:30,3.433
7/27/13 2:00,3.433
7/27/13 2:30,3.433
7/27/13 3:00,3.433
7/27/13 3:30,3.406
7/27/13 4:00,3.406
7/27/13 4:30,3.406
7/27/13 5:00,3.406
7/27/13 5:30,3.406
7/27/13 6:00,3.406
7/27/13 6:30,3.406
7/27/13 7:00,3.406
7/27/13 7:30,3.406
7/27/13 8:00,3.406
7/27/13 8:30,3.433
7/27/13 9:00,3.433
7/27/13 9:30,3.433
7/27/13 10:00,3.433
7/27/13 10:30,3.433
7/27/13 11:00,3.433
7/27/13 11:30,3.433
7/27/13 12:00,3.433
7/27/13 12:30,3.433
7/27/13 13:00,3.433
7/27/13 13:30,3.433
7/27/13 14:00,3.433
7/27/13 14:30,3.433
7/27/13 15:00,3.433
7/27/13 15:30,3.433
7/27/13 16:00,3.433
7/27/13 16:30,3.433
7/27/13 17:00,3.433
7/27/13 17:30,3.433
7/27/13 18:00,3.433
7/27/13 18:30,3.433
7/27/13 19:00,3.433
7/27/13 19:30,3.433
7/27/13 20:00,3.433
7/27/13 20:30,3.433
7/27/13 21:00,3.433
7/27/13 21:30,3.433
7/27/13 22:00,3.433
7/27/13 22:30,3.433
7/27/13 23:00,3.433
7/27/13 23:30,3.433
7/28/13 0:00,3.433
7/28/13 0:30,3.433
7/28/13 1:00,3.433
7/28/13 1:30,3.433
7/28/13 2:00,3.433
7/28/13 2:30,3.406
7/28/13 3:00,3.406
7/28/13 3:30,3.406
7/28/13 4:00,3.406
7/28/13 4:30,3.406
7/28/13 5:00,3.406
7/28/13 5:30,3.406
7/28/13 6:00,3.406
7/28/13 6:30,3.406
7/28/13 7:00,3.406
7/28/13 7:30,3.406
7/28/13 8:00,3.433
7/28/13 8:30,3.433
7/28/13 9:00,3.433
7/28/13 9:30,3.433
7/28/13 10:00,3.433
7/28/13 10:30,3.433
7/28/13 11:00,3.433
7/28/13 11:30,3.433
7/28/13 12:00,3.433
7/28/13 12:30,3.433
7/28/13 13:00,3.433
7/28/13 13:30,3.433
7/28/13 14:00,3.433
7/28/13 14:30,3.433
7/28/13 15:00,3.433
7/28/13 15:30,3.433
7/28/13 16:00,3.433
7/28/13 16:30,3.433
7/28/13 17:00,3.433
7/28/13 17:30,3.433
7/28/13 18:00,3.433
7/28/13 18:30,3.433
7/28/13 19:00,3.433
7/28/13 19:30,3.433
7/28/13 20:00,3.433
7/28/13 20:30,3.433
7/28/13 21:00,3.433
7/28/13 21:30,3.433
7/28/13 22:00,3.433
7/28/13 22:30,3.433
7/28/13 23:00,3.433
7/28/13 23:30,3.433
7/29/13 0:00,3.433
7/29/13 0:30,3.433
7/29/13 1:00,3.406
7/29/13 1:30,3.433
7/29/13 2:00,3.406
7/29/13 2:30,3.406
7/29/13 3:00,3.406
7/29/13 3:30,3.406
7/29/13 4:00,3.406
7/29/13 4:30,3.406
7/29/13 5:00,3.406
7/29/13 5:30,3.406
7/29/13 6:00,3.406
7/29/13 6:30,3.406
7/29/13 7:00,3.406
7/29/13 7:30,3.406
7/29/13 8:00,3.406
7/29/13 8:30,3.406
7/29/13 9:00,3.433
7/29/13 9:30,3.433
7/29/13 10:00,3.433
7/29/13 10:30,3.433
7/29/13 11:00,3.433
7/29/13 11:30,3.433
7/29/13 12:00,3.433
7/29/13 12:30,3.433
7/29/13 13:00,3.433
7/29/13 13:30,3.433
7/29/13 14:00,3.433
7/29/13 14:30,3.433
7/29/13 15:00,3.433
7/29/13 15:30,3.433
7/29/13 16:00,3.433
7/29/13 16:30,3.433
7/29/13 17:00,3.433
7/29/13 17:30,3.433
7/29/13 18:00,3.433
7/29/13 18:30,3.433
7/29/13 19:00,3.433
7/29/13 19:30,3.433
7/29/13 20:00,3.433
7/29/13 20:30,3.433
7/29/13 21:00,3.433
7/29/13 21:30,3.433
7/29/13 22:00,3.433
7/29/13 22:30,3.433
7/29/13 23:00,3.433
7/29/13 23:30,3.433
7/30/13 0:00,3.433
7/30/13 0:30,3.433
7/30/13 1:00,3.433
7/30/13 1:30,3.433
7/30/13 2:00,3.406
7/30/13 2:30,3.433
7/30/13 3:00,3.433
7/30/13 3:30,3.433
7/30/13 4:00,3.433
7/30/13 4:30,3.406
7/30/13 5:00,3.433
7/30/13 5:30,3.433
7/30/13 6:00,3.406
7/30/13 6:30,3.406
7/30/13 7:00,3.406
7/30/13 7:30,3.406
7/30/13 8:00,3.433
7/30/13 8:30,3.433
7/30/13 9:00,3.433
7/30/13 9:30,3.433
7/30/13 10:00,3.433
7/30/13 10:30,3.433
7/30/13 11:00,3.433
7/30/13 11:30,3.433
7/30/13 12:00,3.433
7/30/13 12:30,3.433
7/30/13 13:00,3.433
7/30/13 13:30,3.433
7/30/13 14:00,3.433
7/30/13 14:30,3.433
7/30/13 15:00,3.433
7/30/13 15:30,3.433
7/30/13 16:00,3.433
7/30/13 16:30,3.433
7/30/13 17:00,3.433
7/30/13 17:30,3.433
7/30/13 18:00,3.433
7/30/13 18:30,3.433
7/30/13 19:00,3.433
7/30/13 19:30,3.433
7/30/13 20:00,3.433
7/30/13 20:30,3.433
7/30/13 21:00,3.433
7/30/13 21:30,3.433
7/30/13 22:00,3.433
7/30/13 22:30,3.433
7/30/13 23:00,3.433
7/30/13 23:30,3.433
7/31/13 0:00,3.433
7/31/13 0:30,3.433
7/31/13 1:00,3.433
7/31/13 1:30,3.433
7/31/13 2:00,3.433
7/31/13 2:30,3.433
7/31/13 3:00,3.433
7/31/13 3:30,3.433
7/31/13 4:00,3.433
7/31/13 4:30,3.433
7/31/13 5:00,3.433
7/31/13 5:30,3.433
7/31/13 6:00,3.433
7/31/13 6:30,3.433
7/31/13 7:00,3.433
7/31/13 7:30,3.433
7/31/13 8:00,3.433
7/31/13 8:30,3.433
7/31/13 9:00,3.433
7/31/13 9:30,3.433
7/31/13 10:00,3.433
7/31/13 10:30,3.433
7/31/13 11:00,3.433
7/31/13 11:30,3.433
7/31/13 12:00,3.433
7/31/13 12:30,3.433
7/31/13 13:00,3.433
7/31/13 13:30,3.433
7/31/13 14:00,3.433
7/31/13 14:30,3.433
7/31/13 15:00,3.433
7/31/13 15:30,3.433
7/31/13 16:00,3.433
7/31/13 16:30,3.433
7/31/13 17:00,3.433
7/31/13 17:30,3.433
7/31/13 18:00,3.433
7/31/13 18:30,3.433
7/31/13 19:00,3.433
7/31/13 19:30,3.433
7/31/13 20:00,3.433
7/31/13 20:30,3.433
7/31/13 21:00,3.433
7/31/13 21:30,3.433
7/31/13 22:00,3.433
7/31/13 22:30,3.433
7/31/13 23:00,3.433
7/31/13 23:30,3.433
8/1/13 0:00,3.433
8/1/13 0:30,3.433
8/1/13 1:00,3.433
8/1/13 1:30,3.433
8/1/13 2:00,3.433
8/1/13 2:30,3.433
8/1/13 3:00,3.433
8/1/13 3:30,3.433
8/1/13 4:00,3.433
8/1/13 4:30,3.433
8/1/13 5:00,3.433
8/1/13 5:30,3.433
8/1/13 6:00,3.433
8/1/13 6:30,3.433
8/1/13 7:00,3.433
8/1/13 7:30,3.433
8/1/13 8:00,3.433
8/1/13 8:30,3.433
8/1/13 9:00,3.433
8/1/13 9:30,3.433
8/1/13 10:00,3.433
8/1/13 10:30,3.433
8/1/13 11:00,3.433
8/1/13 11:30,3.433
8/1/13 12:00,3.433
8/1/13 12:30,3.433
8/1/13 13:00,3.433
8/1/13 13:30,3.433
8/1/13 14:00,3.433
8/1/13 14:30,3.433
8/1/13 15:00,3.433
8/1/13 15:30,3.433
8/1/13 16:00,3.433
8/1/13 16:30,3.433
8/1/13 17:00,3.433
8/1/13 17:30,3.433
8/1/13 18:00,3.433
8/1/13 18:30,3.433
8/1/13 19:00,3.433
8/1/13 19:30,3.433
8/1/13 20:00,3.433
8/1/13 20:30,3.433
8/1/13 21:00,3.433
8/1/13 21:30,3.433
8/1/13 22:00,3.433
8/1/13 22:30,3.433
8/1/13 23:00,3.433
8/1/13 23:30,3.433
8/2/13 0:00,3.433
8/2/13 0:30,3.433
8/2/13 1:00,3.433
8/2/13 1:30,3.433
8/2/13 2:00,3.433
8/2/13 2:30,3.433
8/2/13 3:00,3.433
8/2/13 3:30,3.433
8/2/13 4:00,3.433
8/2/13 4:30,3.433
8/2/13 5:00,3.433
8/2/13 5:30,3.433
8/2/13 6:00,3.433
8/2/13 6:30,3.433
8/2/13 7:00,3.433
8/2/13 7:30,3.433
8/2/13 8:00,3.433
8/2/13 8:30,3.433
8/2/13 9:00,3.433
8/2/13 9:30,3.433
8/2/13 10:00,3.433
8/2/13 10:30,3.433
8/2/13 11:00,3.433
8/2/13 11:30,3.433
8/2/13 12:00,3.433
8/2/13 12:30,3.433
8/2/13 13:00,3.433
8/2/13 13:30,3.433
8/2/13 14:00,3.433
8/2/13 14:30,3.433
8/2/13 15:00,3.433
8/2/13 15:30,3.433
8/2/13 16:00,3.433
8/2/13 16:30,3.433
8/2/13 17:00,3.433
8/2/13 17:30,3.433
8/2/13 18:00,3.433
8/2/13 18:30,3.433
8/2/13 19:00,3.433
8/2/13 19:30,3.433
8/2/13 20:00,3.433
8/2/13 20:30,3.433
8/2/13 21:00,3.433
8/2/13 21:30,3.433
8/2/13 22:00,3.433
8/2/13 22:30,3.433
8/2/13 23:00,3.433
8/2/13 23:30,3.433
8/3/13 0:00,3.433
8/3/13 0:30,3.433
8/3/13 1:00,3.433
8/3/13 1:30,3.433
8/3/13 2:00,3.433
8/3/13 2:30,3.433
8/3/13 3:00,3.433
8/3/13 3:30,3.433
8/3/13 4:00,3.433
8/3/13 4:30,3.433
8/3/13 5:00,3.433
8/3/13 5:30,3.433
8/3/13 6:00,3.433
8/3/13 6:30,3.433
8/3/13 7:00,3.433
8/3/13 7:30,3.433
8/3/13 8:00,3.433
8/3/13 8:30,3.433
8/3/13 9:00,3.433
8/3/13 9:30,3.433
8/3/13 10:00,3.433
8/3/13 10:30,3.433
8/3/13 11:00,3.433
8/3/13 11:30,3.433
8/3/13 12:00,3.433
8/3/13 12:30,3.433
8/3/13 13:00,3.433
8/3/13 13:30,3.433
8/3/13 14:00,3.433
8/3/13 14:30,3.433
8/3/13 15:00,3.433
8/3/13 15:30,3.433
8/3/13 16:00,3.433
8/3/13 16:30,3.433
8/3/13 17:00,3.433
8/3/13 17:30,3.433
8/3/13 18:00,3.433
8/3/13 18:30,3.433
8/3/13 19:00,3.433
8/3/13 19:30,3.433
8/3/13 20:00,3.433
8/3/13 20:30,3.433
8/3/13 21:00,3.433
8/3/13 21:30,3.433
8/3/13 22:00,3.433
8/3/13 22:30,3.433
8/3/13 23:00,3.433
8/3/13 23:30,3.433
8/4/13 0:00,3.433
8/4/13 0:30,3.433
8/4/13 1:00,3.433
8/4/13 1:30,3.433
8/4/13 2:00,3.433
8/4/13 2:30,3.433
8/4/13 3:00,3.433
8/4/13 3:30,3.433
8/4/13 4:00,3.433
8/4/13 4:30,3.433
8/4/13 5:00,3.433
8/4/13 5:30,3.433
8/4/13 6:00,3.433
8/4/13 6:30,3.433
8/4/13 7:00,3.433
8/4/13 7:30,3.433
8/4/13 8:00,3.433
8/4/13 8:30,3.433
8/4/13 9:00,3.433
8/4/13 9:30,3.433
8/4/13 10:00,3.433
8/4/13 10:30,3.433
8/4/13 11:00,3.433
8/4/13 11:30,3.433
8/4/13 12:00,3.433
8/4/13 12:30,3.433
8/4/13 13:00,3.433
8/4/13 13:30,3.433
8/4/13 14:00,3.433
8/4/13 14:30,3.433
8/4/13 15:00,3.433
8/4/13 15:30,3.433
8/4/13 16:00,3.433
8/4/13 16:30,3.433
8/4/13 17:00,3.433
8/4/13 17:30,3.433
8/4/13 18:00,3.433
8/4/13 18:30,3.433
8/4/13 19:00,3.433
8/4/13 19:30,3.433
8/4/13 20:00,3.433
8/4/13 20:30,3.433
8/4/13 21:00,3.433
8/4/13 21:30,3.433
8/4/13 22:00,3.433
8/4/13 22:30,3.433
8/4/13 23:00,3.433
8/4/13 23:30,3.433
8/5/13 0:00,3.433
8/5/13 0:30,3.433
8/5/13 1:00,3.433
8/5/13 1:30,3.433
8/5/13 2:00,3.433
8/5/13 2:30,3.433
8/5/13 3:00,3.433
8/5/13 3:30,3.433
8/5/13 4:00,3.433
8/5/13 4:30,3.433
8/5/13 5:00,3.433
8/5/13 5:30,3.433
8/5/13 6:00,3.433
8/5/13 6:30,3.433
8/5/13 7:00,3.433
8/5/13 7:30,3.433
8/5/13 8:00,3.433
8/5/13 8:30,3.433
8/5/13 9:00,3.433
8/5/13 9:30,3.433
8/5/13 10:00,3.433
8/5/13 10:30,3.433
8/5/13 11:00,3.433
8/5/13 11:30,3.433
8/5/13 12:00,3.433
8/5/13 12:30,3.433
8/5/13 13:00,3.433
8/5/13 13:30,3.459
8/5/13 14:00,3.459
8/5/13 14:30,3.459
8/5/13 15:00,3.459
8/5/13 15:30,3.459
8/5/13 16:00,3.459
8/5/13 16:30,3.433
8/5/13 17:00,3.433
8/5/13 17:30,3.433
8/5/13 18:00,3.433
8/5/13 18:30,3.433
8/5/13 19:00,3.433
8/5/13 19:30,3.433
8/5/13 20:00,3.433
8/5/13 20:30,3.433
8/5/13 21:00,3.433
8/5/13 21:30,3.433
8/5/13 22:00,3.433
8/5/13 22:30,3.433
8/5/13 23:00,3.433
8/5/13 23:30,3.433
8/6/13 0:00,3.433
8/6/13 0:30,3.433
8/6/13 1:00,3.433
8/6/13 1:30,3.433
8/6/13 2:00,3.433
8/6/13 2:30,3.433
8/6/13 3:00,3.433
8/6/13 3:30,3.433
8/6/13 4:00,3.433
8/6/13 4:30,3.433
8/6/13 5:00,3.433
8/6/13 5:30,3.433
8/6/13 6:00,3.433
8/6/13 6:30,3.433
8/6/13 7:00,3.433
8/6/13 7:30,3.433
8/6/13 8:00,3.433
8/6/13 8:30,3.433
8/6/13 9:00,3.433
8/6/13 9:30,3.433
8/6/13 10:00,3.433
8/6/13 10:30,3.433
8/6/13 11:00,3.433
8/6/13 11:30,3.433
8/6/13 12:00,3.433
8/6/13 12:30,3.433
8/6/13 13:00,3.433
8/6/13 13:30,3.433
8/6/13 14:00,3.459
8/6/13 14:30,3.433
8/6/13 15:00,3.459
8/6/13 15:30,3.459
8/6/13 16:00,3.459
8/6/13 16:30,3.433
8/6/13 17:00,3.433
8/6/13 17:30,3.433
8/6/13 18:00,3.433
8/6/13 18:30,3.433
8/6/13 19:00,3.433
8/6/13 19:30,3.433
8/6/13 20:00,3.433
8/6/13 20:30,3.433
8/6/13 21:00,3.433
8/6/13 21:30,3.433
8/6/13 22:00,3.433
8/6/13 22:30,3.433
8/6/13 23:00,3.433
8/6/13 23:30,3.433
8/7/13 0:00,3.433
8/7/13 0:30,3.433
8/7/13 1:00,3.433
8/7/13 1:30,3.433
8/7/13 2:00,3.433
8/7/13 2:30,3.433
8/7/13 3:00,3.433
8/7/13 3:30,3.433
8/7/13 4:00,3.433
8/7/13 4:30,3.433
8/7/13 5:00,3.433
8/7/13 5:30,3.433
8/7/13 6:00,3.433
8/7/13 6:30,3.433
8/7/13 7:00,3.433
8/7/13 7:30,3.433
8/7/13 8:00,3.433
8/7/13 8:30,3.433
8/7/13 9:00,3.433
8/7/13 9:30,3.433
8/7/13 10:00,3.433
8/7/13 10:30,3.433
8/7/13 11:00,3.433
8/7/13 11:30,3.433
8/7/13 12:00,3.433
8/7/13 12:30,3.433
8/7/13 13:00,3.433
8/7/13 13:30,3.433
8/7/13 14:00,3.459
8/7/13 14:30,3.433
8/7/13 15:00,3.433
8/7/13 15:30,3.459
8/7/13 16:00,3.433
8/7/13 16:30,3.433
8/7/13 17:00,3.459
8/7/13 17:30,3.433
8/7/13 18:00,3.433
8/7/13 18:30,3.433
8/7/13 19:00,3.433
8/7/13 19:30,3.433
8/7/13 20:00,3.433
8/7/13 20:30,3.433
8/7/13 21:00,3.433
8/7/13 21:30,3.433
8/7/13 22:00,3.433
8/7/13 22:30,3.433
8/7/13 23:00,3.433
8/7/13 23:30,3.433
8/8/13 0:00,3.433
8/8/13 0:30,3.433
8/8/13 1:00,3.433
8/8/13 1:30,3.433
8/8/13 2:00,3.433
8/8/13 2:30,3.433
8/8/13 3:00,3.433
8/8/13 3:30,3.433
8/8/13 4:00,3.433
8/8/13 4:30,3.433
8/8/13 5:00,3.433
8/8/13 5:30,3.433
8/8/13 6:00,3.433
8/8/13 6:30,3.433
8/8/13 7:00,3.433
8/8/13 7:30,3.433
8/8/13 8:00,3.433
8/8/13 8:30,3.433
8/8/13 9:00,3.433
8/8/13 9:30,3.433
8/8/13 10:00,3.433
8/8/13 10:30,3.433
8/8/13 11:00,3.433
8/8/13 11:30,3.433
8/8/13 12:00,3.433
8/8/13 12:30,3.433
8/8/13 13:00,3.459
8/8/13 13:30,3.459
8/8/13 14:00,3.459
8/8/13 14:30,3.459
8/8/13 15:00,3.459
8/8/13 15:30,3.459
8/8/13 16:00,3.459
8/8/13 16:30,3.459
8/8/13 17:00,3.433
8/8/13 17:30,3.433
8/8/13 18:00,3.433
8/8/13 18:30,3.433
8/8/13 19:00,3.433
8/8/13 19:30,3.433
8/8/13 20:00,3.433
8/8/13 20:30,3.433
8/8/13 21:00,3.433
8/8/13 21:30,3.433
8/8/13 22:00,3.433
8/8/13 22:30,3.433
8/8/13 23:00,3.433
8/8/13 23:30,3.433
8/9/13 0:00,3.433
8/9/13 0:30,3.433
8/9/13 1:00,3.433
8/9/13 1:30,3.433
8/9/13 2:00,3.433
8/9/13 2:30,3.433
8/9/13 3:00,3.433
8/9/13 3:30,3.433
8/9/13 4:00,3.433
8/9/13 4:30,3.433
8/9/13 5:00,3.433
8/9/13 5:30,3.433
8/9/13 6:00,3.433
8/9/13 6:30,3.433
8/9/13 7:00,3.433
8/9/13 7:30,3.433
8/9/13 8:00,3.433
8/9/13 8:30,3.433
8/9/13 9:00,3.433
8/9/13 9:30,3.433
8/9/13 10:00,3.433
8/9/13 10:30,3.433
8/9/13 11:00,3.433
8/9/13 11:30,3.433
8/9/13 12:00,3.433
8/9/13 12:30,3.433
8/9/13 13:00,3.433
8/9/13 13:30,3.433
8/9/13 14:00,3.433
8/9/13 14:30,3.433
8/9/13 15:00,3.433
8/9/13 15:30,3.433
8/9/13 16:00,3.433
8/9/13 16:30,3.433
8/9/13 17:00,3.433
8/9/13 17:30,3.433
8/9/13 18:00,3.433
8/9/13 18:30,3.433
8/9/13 19:00,3.433
8/9/13 19:30,3.433
8/9/13 20:00,3.433
8/9/13 20:30,3.433
8/9/13 21:00,3.433
8/9/13 21:30,3.433
8/9/13 22:00,3.459
8/9/13 22:30,3.459
8/9/13 23:00,3.459
8/9/13 23:30,3.433
8/10/13 0:00,3.433
8/10/13 0:30,3.433
8/10/13 1:00,3.433
8/10/13 1:30,3.433
8/10/13 2:00,3.433
8/10/13 2:30,3.433
8/10/13 3:00,3.433
8/10/13 3:30,3.433
8/10/13 4:00,3.433
8/10/13 4:30,3.433
8/10/13 5:00,3.433
8/10/13 5:30,3.433
8/10/13 6:00,3.433
8/10/13 6:30,3.433
8/10/13 7:00,3.433
8/10/13 7:30,3.433
8/10/13 8:00,3.433
8/10/13 8:30,3.433
8/10/13 9:00,3.433
8/10/13 9:30,3.433
8/10/13 10:00,3.433
8/10/13 10:30,3.459
8/10/13 11:00,3.433
8/10/13 11:30,3.433
8/10/13 12:00,3.433
8/10/13 12:30,3.433
8/10/13 13:00,3.433
8/10/13 13:30,3.459
8/10/13 14:00,3.459
8/10/13 14:30,3.433
8/10/13 15:00,3.459
8/10/13 15:30,3.459
8/10/13 16:00,3.459
8/10/13 16:30,3.433
8/10/13 17:00,3.459
8/10/13 17:30,3.433
8/10/13 18:00,3.433
8/10/13 18:30,3.433
8/10/13 19:00,3.433
8/10/13 19:30,3.433
8/10/13 20:00,3.433
8/10/13 20:30,3.433
8/10/13 21:00,3.433
8/10/13 21:30,3.433
8/10/13 22:00,3.433
8/10/13 22:30,3.433
8/10/13 23:00,3.433
8/10/13 23:30,3.433
8/11/13 0:00,3.433
8/11/13 0:30,3.433
8/11/13 1:00,3.433
8/11/13 1:30,3.433
8/11/13 2:00,3.433
8/11/13 2:30,3.433
8/11/13 3:00,3.433
8/11/13 3:30,3.433
8/11/13 4:00,3.433
8/11/13 4:30,3.433
8/11/13 5:00,3.433
8/11/13 5:30,3.433
8/11/13 6:00,3.433
8/11/13 6:30,3.433
8/11/13 7:00,3.433
8/11/13 7:30,3.433
8/11/13 8:00,3.433
8/11/13 8:30,3.433
8/11/13 9:00,3.433
8/11/13 9:30,3.433
8/11/13 10:00,3.433
8/11/13 10:30,3.433
8/11/13 11:00,3.433
8/11/13 11:30,3.433
8/11/13 12:00,3.433
8/11/13 12:30,3.433
8/11/13 13:00,3.433
8/11/13 13:30,3.433
8/11/13 14:00,3.433
8/11/13 14:30,3.433
8/11/13 15:00,3.433
8/11/13 15:30,3.433
8/11/13 16:00,3.433
8/11/13 16:30,3.433
8/11/13 17:00,3.433
8/11/13 17:30,3.433
8/11/13 18:00,3.433
8/11/13 18:30,3.433
8/11/13 19:00,3.433
8/11/13 19:30,3.433
8/11/13 20:00,3.433
8/11/13 20:30,3.433
8/11/13 21:00,3.433
8/11/13 21:30,3.433
8/11/13 22:00,3.433
8/11/13 22:30,3.433
8/11/13 23:00,3.433
8/11/13 23:30,3.433
8/12/13 0:00,3.433
8/12/13 0:30,3.433
8/12/13 1:00,3.433
8/12/13 1:30,3.433
8/12/13 2:00,3.433
8/12/13 2:30,3.433
8/12/13 3:00,3.433
8/12/13 3:30,3.433
8/12/13 4:00,3.433
8/12/13 4:30,3.433
8/12/13 5:00,3.433
8/12/13 5:30,3.433
8/12/13 6:00,3.433
8/12/13 6:30,3.433
8/12/13 7:00,3.433
8/12/13 7:30,3.433
8/12/13 8:00,3.433
8/12/13 8:30,3.433
8/12/13 9:00,3.433
8/12/13 9:30,3.433
8/12/13 10:00,3.433
8/12/13 10:30,3.433
8/12/13 11:00,3.433
8/12/13 11:30,3.433
8/12/13 12:00,3.433
8/12/13 12:30,3.433
8/12/13 13:00,3.433
8/12/13 13:30,3.433
8/12/13 14:00,3.433
8/12/13 14:30,3.433
8/12/13 15:00,3.433
8/12/13 15:30,3.433
8/12/13 16:00,3.433
8/12/13 16:30,3.433
8/12/13 17:00,3.433
8/12/13 17:30,3.433
8/12/13 18:00,3.433
8/12/13 18:30,3.433
8/12/13 19:00,3.433
8/12/13 19:30,3.433
8/12/13 20:00,3.433
8/12/13 20:30,3.433
8/12/13 21:00,3.433
8/12/13 21:30,3.433
8/12/13 22:00,3.433
8/12/13 22:30,3.433
8/12/13 23:00,3.433
8/12/13 23:30,3.433
8/13/13 0:00,3.433
8/13/13 0:30,3.433
8/13/13 1:00,3.433
8/13/13 1:30,3.433
8/13/13 2:00,3.433
8/13/13 2:30,3.433
8/13/13 3:00,3.433
8/13/13 3:30,3.433
8/13/13 4:00,3.433
8/13/13 4:30,3.433
8/13/13 5:00,3.433
8/13/13 5:30,3.433
8/13/13 6:00,3.433
8/13/13 6:30,3.433
8/13/13 7:00,3.433
8/13/13 7:30,3.433
8/13/13 8:00,3.433
8/13/13 8:30,3.433
8/13/13 9:00,3.433
8/13/13 9:30,3.433
8/13/13 10:00,3.433
8/13/13 10:30,3.433
8/13/13 11:00,3.433
8/13/13 11:30,3.433
8/13/13 12:00,3.459
8/13/13 12:30,3.433
8/13/13 13:00,3.459
8/13/13 13:30,3.459
8/13/13 14:00,3.459
8/13/13 14:30,3.459
8/13/13 15:00,3.459
8/13/13 15:30,3.433
8/13/13 16:00,3.459
8/13/13 16:30,3.459
8/13/13 17:00,3.433
8/13/13 17:30,3.433
8/13/13 18:00,3.433
8/13/13 18:30,3.433
8/13/13 19:00,3.433
8/13/13 19:30,3.433
8/13/13 20:00,3.433
8/13/13 20:30,3.433
8/13/13 21:00,3.433
8/13/13 21:30,3.433
8/13/13 22:00,3.433
8/13/13 22:30,3.433
8/13/13 23:00,3.433
8/13/13 23:30,3.433
8/14/13 0:00,3.433
8/14/13 0:30,3.433
8/14/13 1:00,3.433
8/14/13 1:30,3.433
8/14/13 2:00,3.433
8/14/13 2:30,3.433
8/14/13 3:00,3.433
8/14/13 3:30,3.433
8/14/13 4:00,3.433
8/14/13 4:30,3.433
8/14/13 5:00,3.433
8/14/13 5:30,3.433
8/14/13 6:00,3.433
8/14/13 6:30,3.433
8/14/13 7:00,3.433
8/14/13 7:30,3.433
8/14/13 8:00,3.433
8/14/13 8:30,3.433
8/14/13 9:00,3.433
8/14/13 9:30,3.433
8/14/13 10:00,3.433
8/14/13 10:30,3.433
8/14/13 11:00,3.433
8/14/13 11:30,3.433
8/14/13 12:00,3.433
8/14/13 12:30,3.459
8/14/13 13:00,3.433
8/14/13 13:30,3.459
8/14/13 14:00,3.459
8/14/13 14:30,3.459
8/14/13 15:00,3.459
8/14/13 15:30,3.433
8/14/13 16:00,3.459
8/14/13 16:30,3.433
8/14/13 17:00,3.433
8/14/13 17:30,3.433
8/14/13 18:00,3.433
8/14/13 18:30,3.433
8/14/13 19:00,3.433
8/14/13 19:30,3.433
8/14/13 20:00,3.433
8/14/13 20:30,3.433
8/14/13 21:00,3.433
8/14/13 21:30,3.433
8/14/13 22:00,3.433
8/14/13 22:30,3.433
8/14/13 23:00,3.433
8/14/13 23:30,3.433
8/15/13 0:00,3.433
8/15/13 0:30,3.433
8/15/13 1:00,3.433
8/15/13 1:30,3.433
8/15/13 2:00,3.433
8/15/13 2:30,3.433
8/15/13 3:00,3.433
8/15/13 3:30,3.433
8/15/13 4:00,3.433
8/15/13 4:30,3.433
8/15/13 5:00,3.433
8/15/13 5:30,3.433
8/15/13 6:00,3.433
8/15/13 6:30,3.433
8/15/13 7:00,3.433
8/15/13 7:30,3.433
8/15/13 8:00,3.433
8/15/13 8:30,3.433
8/15/13 9:00,3.433
8/15/13 9:30,3.433
8/15/13 10:00,3.433
8/15/13 10:30,3.433
8/15/13 11:00,3.433
8/15/13 11:30,3.433
8/15/13 12:00,3.433
8/15/13 12:30,3.433
8/15/13 13:00,3.433
8/15/13 13:30,3.433
8/15/13 14:00,3.433
8/15/13 14:30,3.433
8/15/13 15:00,3.433
8/15/13 15:30,3.433
8/15/13 16:00,3.433
8/15/13 16:30,3.433
8/15/13 17:00,3.433
8/15/13 17:30,3.433
8/15/13 18:00,3.433
8/15/13 18:30,3.433
8/15/13 19:00,3.433
8/15/13 19:30,3.433
8/15/13 20:00,3.433
8/15/13 20:30,3.433
8/15/13 21:00,3.433
8/15/13 21:30,3.433
8/15/13 22:00,3.433
8/15/13 22:30,3.433
8/15/13 23:00,3.433
8/15/13 23:30,3.433
8/16/13 0:00,3.433
8/16/13 0:30,3.433
8/16/13 1:00,3.433
8/16/13 1:30,3.433
8/16/13 2:00,3.433
8/16/13 2:30,3.433
8/16/13 3:00,3.433
8/16/13 3:30,3.433
8/16/13 4:00,3.433
8/16/13 4:30,3.433
8/16/13 5:00,3.433
8/16/13 5:30,3.433
8/16/13 6:00,3.433
8/16/13 6:30,3.433
8/16/13 7:00,3.433
8/16/13 7:30,3.433
8/16/13 8:00,3.433
8/16/13 8:30,3.433
8/16/13 9:00,3.433
8/16/13 9:30,3.433
8/16/13 10:00,3.433
8/16/13 10:30,3.433
8/16/13 11:00,3.433
8/16/13 11:30,3.433
8/16/13 12:00,3.433
8/16/13 12:30,3.433
8/16/13 13:00,3.459
8/16/13 13:30,3.459
8/16/13 14:00,3.459
8/16/13 14:30,3.459
8/16/13 15:00,3.459
8/16/13 15:30,3.459
8/16/13 16:00,3.459
8/16/13 16:30,3.459
8/16/13 17:00,3.459
8/16/13 17:30,3.459
8/16/13 18:00,3.459
8/16/13 18:30,3.459
8/16/13 19:00,3.459
8/16/13 19:30,3.459
8/16/13 20:00,3.459
8/16/13 20:30,3.433
8/16/13 21:00,3.433
8/16/13 21:30,3.433
8/16/13 22:00,3.433
8/16/13 22:30,3.433
8/16/13 23:00,3.433
8/16/13 23:30,3.433
8/17/13 0:00,3.433
8/17/13 0:30,3.433
8/17/13 1:00,3.433
8/17/13 1:30,3.433
8/17/13 2:00,3.433
8/17/13 2:30,3.433
8/17/13 3:00,3.433
8/17/13 3:30,3.433
8/17/13 4:00,3.433
8/17/13 4:30,3.433
8/17/13 5:00,3.433
8/17/13 5:30,3.433
8/17/13 6:00,3.433
8/17/13 6:30,3.433
8/17/13 7:00,3.433
8/17/13 7:30,3.433
8/17/13 8:00,3.433
8/17/13 8:30,3.433
8/17/13 9:00,3.433
8/17/13 9:30,3.433
8/17/13 10:00,3.433
8/17/13 10:30,3.433
8/17/13 11:00,3.433
8/17/13 11:30,3.459
8/17/13 12:00,3.433
8/17/13 12:30,3.433
8/17/13 13:00,3.459
8/17/13 13:30,3.459
8/17/13 14:00,3.459
8/17/13 14:30,3.459
8/17/13 15:00,3.459
8/17/13 15:30,3.459
8/17/13 16:00,3.459
8/17/13 16:30,3.459
8/17/13 17:00,3.459
8/17/13 17:30,3.459
8/17/13 18:00,3.459
8/17/13 18:30,3.459
8/17/13 19:00,3.459
8/17/13 19:30,3.433
8/17/13 20:00,3.433
8/17/13 20:30,3.433
8/17/13 21:00,3.433
8/17/13 21:30,3.433
8/17/13 22:00,3.433
8/17/13 22:30,3.433
8/17/13 23:00,3.433
8/17/13 23:30,3.433
8/18/13 0:00,3.433
8/18/13 0:30,3.433
8/18/13 1:00,3.433
8/18/13 1:30,3.433
8/18/13 2:00,3.433
8/18/13 2:30,3.433
8/18/13 3:00,3.433
8/18/13 3:30,3.433
8/18/13 4:00,3.433
8/18/13 4:30,3.433
8/18/13 5:00,3.433
8/18/13 5:30,3.433
8/18/13 6:00,3.433
8/18/13 6:30,3.433
8/18/13 7:00,3.433
8/18/13 7:30,3.433
8/18/13 8:00,3.433
8/18/13 8:30,3.433
8/18/13 9:00,3.433
8/18/13 9:30,3.433
8/18/13 10:00,3.433
8/18/13 10:30,3.433
8/18/13 11:00,3.433
8/18/13 11:30,3.459
8/18/13 12:00,3.459
8/18/13 12:30,3.459
8/18/13 13:00,3.459
8/18/13 13:30,3.459
8/18/13 14:00,3.459
8/18/13 14:30,3.459
8/18/13 15:00,3.459
8/18/13 15:30,3.459
8/18/13 16:00,3.459
8/18/13 16:30,3.459
8/18/13 17:00,3.459
8/18/13 17:30,3.459
8/18/13 18:00,3.459
8/18/13 18:30,3.459
8/18/13 19:00,3.459
8/18/13 19:30,3.459
8/18/13 20:00,3.459
8/18/13 20:30,3.433
8/18/13 21:00,3.433
8/18/13 21:30,3.433
8/18/13 22:00,3.433
8/18/13 22:30,3.433
8/18/13 23:00,3.433
8/18/13 23:30,3.433
8/19/13 0:00,3.433
8/19/13 0:30,3.433
8/19/13 1:00,3.433
8/19/13 1:30,3.433
8/19/13 2:00,3.433
8/19/13 2:30,3.433
8/19/13 3:00,3.433
8/19/13 3:30,3.433
8/19/13 4:00,3.433
8/19/13 4:30,3.433
8/19/13 5:00,3.433
8/19/13 5:30,3.433
8/19/13 6:00,3.433
8/19/13 6:30,3.433
8/19/13 7:00,3.433
8/19/13 7:30,3.433
8/19/13 8:00,3.433
8/19/13 8:30,3.433
8/19/13 9:00,3.433
8/19/13 9:30,3.433
8/19/13 10:00,3.433
8/19/13 10:30,3.459
8/19/13 11:00,3.459
8/19/13 11:30,3.459
8/19/13 12:00,3.459
8/19/13 12:30,3.459
8/19/13 13:00,3.459
8/19/13 13:30,3.459
8/19/13 14:00,3.459
8/19/13 14:30,3.459
8/19/13 15:00,3.459
8/19/13 15:30,3.459
8/19/13 16:00,3.459
8/19/13 16:30,3.459
8/19/13 17:00,3.459
8/19/13 17:30,3.459
8/19/13 18:00,3.459
8/19/13 18:30,3.459
8/19/13 19:00,3.459
8/19/13 19:30,3.459
8/19/13 20:00,3.459
8/19/13 20:30,3.459
8/19/13 21:00,3.433
8/19/13 21:30,3.433
8/19/13 22:00,3.433
8/19/13 22:30,3.433
8/19/13 23:00,3.433
8/19/13 23:30,3.433
8/20/13 0:00,3.433
8/20/13 0:30,3.433
8/20/13 1:00,3.433
8/20/13 1:30,3.433
8/20/13 2:00,3.433
8/20/13 2:30,3.433
8/20/13 3:00,3.433
8/20/13 3:30,3.433
8/20/13 4:00,3.433
8/20/13 4:30,3.433
8/20/13 5:00,3.433
8/20/13 5:30,3.433
8/20/13 6:00,3.433
8/20/13 6:30,3.433
8/20/13 7:00,3.433
8/20/13 7:30,3.433
8/20/13 8:00,3.433
8/20/13 8:30,3.433
8/20/13 9:00,3.433
8/20/13 9:30,3.433
8/20/13 10:00,3.433
8/20/13 10:30,3.459
8/20/13 11:00,3.459
8/20/13 11:30,3.459
8/20/13 12:00,3.459
8/20/13 12:30,3.459
8/20/13 13:00,3.459
8/20/13 13:30,3.459
8/20/13 14:00,3.459
8/20/13 14:30,3.459
8/20/13 15:00,3.459
8/20/13 15:30,3.459
8/20/13 16:00,3.459
8/20/13 16:30,3.459
8/20/13 17:00,3.459
8/20/13 17:30,3.459
8/20/13 18:00,3.459
8/20/13 18:30,3.459
8/20/13 19:00,3.459
8/20/13 19:30,3.459
8/20/13 20:00,3.459
8/20/13 20:30,3.433
8/20/13 21:00,3.433
8/20/13 21:30,3.433
8/20/13 22:00,3.433
8/20/13 22:30,3.433
8/20/13 23:00,3.433
8/20/13 23:30,3.433
8/21/13 0:00,3.433
8/21/13 0:30,3.433
8/21/13 1:00,3.433
8/21/13 1:30,3.433
8/21/13 2:00,3.433
8/21/13 2:30,3.433
8/21/13 3:00,3.433
8/21/13 3:30,3.433
8/21/13 4:00,3.433
8/21/13 4:30,3.433
8/21/13 5:00,3.433
8/21/13 5:30,3.433
8/21/13 6:00,3.433
8/21/13 6:30,3.433
8/21/13 7:00,3.433
8/21/13 7:30,3.433
8/21/13 8:00,3.433
8/21/13 8:30,3.433
8/21/13 9:00,3.433
8/21/13 9:30,3.459
8/21/13 10:00,3.459
8/21/13 10:30,3.459
8/21/13 11:00,3.459
8/21/13 11:30,3.459
8/21/13 12:00,3.459
8/21/13 12:30,3.459
8/21/13 13:00,3.459
8/21/13 13:30,3.459
8/21/13 14:00,3.459
8/21/13 14:30,3.459
8/21/13 15:00,3.459
8/21/13 15:30,3.459
8/21/13 16:00,3.459
8/21/13 16:30,3.459
8/21/13 17:00,3.459
8/21/13 17:30,3.459
8/21/13 18:00,3.459
8/21/13 18:30,3.459
8/21/13 19:00,3.459
8/21/13 19:30,3.459
8/21/13 20:00,3.459
8/21/13 20:30,3.459
8/21/13 21:00,3.459
8/21/13 21:30,3.433
8/21/13 22:00,3.459
8/21/13 22:30,3.459
8/21/13 23:00,3.459
8/21/13 23:30,3.433
8/22/13 0:00,3.459
8/22/13 0:30,3.433
8/22/13 1:00,3.433
8/22/13 1:30,3.433
8/22/13 2:00,3.433
8/22/13 2:30,3.433
8/22/13 3:00,3.433
8/22/13 3:30,3.433
8/22/13 4:00,3.433
8/22/13 4:30,3.433
8/22/13 5:00,3.433
8/22/13 5:30,3.433
8/22/13 6:00,3.433
8/22/13 6:30,3.433
8/22/13 7:00,3.433
8/22/13 7:30,3.433
8/22/13 8:00,3.433
8/22/13 8:30,3.433
8/22/13 9:00,3.433
8/22/13 9:30,3.459
8/22/13 10:00,3.459
8/22/13 10:30,3.459
8/22/13 11:00,3.459
8/22/13 11:30,3.459
8/22/13 12:00,3.459
8/22/13 12:30,3.459
8/22/13 13:00,3.459
8/22/13 13:30,3.459
8/22/13 14:00,3.459
8/22/13 14:30,3.459
8/22/13 15:00,3.459
8/22/13 15:30,3.459
8/22/13 16:00,3.459
8/22/13 16:30,3.459
8/22/13 17:00,3.459
8/22/13 17:30,3.459
8/22/13 18:00,3.459
8/22/13 18:30,3.459
8/22/13 19:00,3.459
8/22/13 19:30,3.459
8/22/13 20:00,3.459
8/22/13 20:30,3.459
8/22/13 21:00,3.459
8/22/13 21:30,3.459
8/22/13 22:00,3.459
8/22/13 22:30,3.459
8/22/13 23:00,3.459
8/22/13 23:30,3.433
8/23/13 0:00,3.459
8/23/13 0:30,3.459
8/23/13 1:00,3.459
8/23/13 1:30,3.459
8/23/13 2:00,3.459
8/23/13 2:30,3.433
8/23/13 3:00,3.433
8/23/13 3:30,3.459
8/23/13 4:00,3.433
8/23/13 4:30,3.433
8/23/13 5:00,3.433
8/23/13 5:30,3.433
8/23/13 6:00,3.433
8/23/13 6:30,3.433
8/23/13 7:00,3.433
8/23/13 7:30,3.433
8/23/13 8:00,3.433
8/23/13 8:30,3.459
8/23/13 9:00,3.459
8/23/13 9:30,3.433
8/23/13 10:00,3.433
8/23/13 10:30,3.459
8/23/13 11:00,3.459
8/23/13 11:30,3.459
8/23/13 12:00,3.459
8/23/13 12:30,3.459
8/23/13 13:00,3.459
8/23/13 13:30,3.459
8/23/13 14:00,3.459
8/23/13 14:30,3.459
8/23/13 15:00,3.459
8/23/13 15:30,3.459
8/23/13 16:00,3.459
8/23/13 16:30,3.459
8/23/13 17:00,3.459
8/23/13 17:30,3.459
8/23/13 18:00,3.459
8/23/13 18:30,3.459
8/23/13 19:00,3.459
8/23/13 19:30,3.459
8/23/13 20:00,3.459
8/23/13 20:30,3.459
8/23/13 21:00,3.433
8/23/13 21:30,3.459
8/23/13 22:00,3.433
8/23/13 22:30,3.433
8/23/13 23:00,3.433
8/23/13 23:30,3.433
8/24/13 0:00,3.433
8/24/13 0:30,3.433
8/24/13 1:00,3.433
8/24/13 1:30,3.433
8/24/13 2:00,3.433
8/24/13 2:30,3.433
8/24/13 3:00,3.433
8/24/13 3:30,3.433
8/24/13 4:00,3.433
8/24/13 4:30,3.433
8/24/13 5:00,3.433
8/24/13 5:30,3.433
8/24/13 6:00,3.433
8/24/13 6:30,3.433
8/24/13 7:00,3.433
8/24/13 7:30,3.433
8/24/13 8:00,3.433
8/24/13 8:30,3.433
8/24/13 9:00,3.433
8/24/13 9:30,3.433
8/24/13 10:00,3.459
8/24/13 10:30,3.433
8/24/13 11:00,3.459
8/24/13 11:30,3.459
8/24/13 12:00,3.459
8/24/13 12:30,3.459
8/24/13 13:00,3.459
8/24/13 13:30,3.459
8/24/13 14:00,3.459
8/24/13 14:30,3.459
8/24/13 15:00,3.459
8/24/13 15:30,3.459
8/24/13 16:00,3.459
8/24/13 16:30,3.459
8/24/13 17:00,3.459
8/24/13 17:30,3.459
8/24/13 18:00,3.459
8/24/13 18:30,3.459
8/24/13 19:00,3.459
8/24/13 19:30,3.459
8/24/13 20:00,3.459
8/24/13 20:30,3.459
8/24/13 21:00,3.459
8/24/13 21:30,3.433
8/24/13 22:00,3.433
8/24/13 22:30,3.433
8/24/13 23:00,3.433
8/24/13 23:30,3.433
8/25/13 0:00,3.433
8/25/13 0:30,3.433
8/25/13 1:00,3.433
8/25/13 1:30,3.433
8/25/13 2:00,3.433
8/25/13 2:30,3.433
8/25/13 3:00,3.433
8/25/13 3:30,3.433
8/25/13 4:00,3.433
8/25/13 4:30,3.433
8/25/13 5:00,3.433
8/25/13 5:30,3.433
8/25/13 6:00,3.433
8/25/13 6:30,3.433
8/25/13 7:00,3.433
8/25/13 7:30,3.433
8/25/13 8:00,3.433
8/25/13 8:30,3.433
8/25/13 9:00,3.433
8/25/13 9:30,3.433
8/25/13 10:00,3.433
8/25/13 10:30,3.433
8/25/13 11:00,3.459
8/25/13 11:30,3.459
8/25/13 12:00,3.459
8/25/13 12:30,3.459
8/25/13 13:00,3.459
8/25/13 13:30,3.459
8/25/13 14:00,3.459
8/25/13 14:30,3.433
8/25/13 15:00,3.459
8/25/13 15:30,3.459
8/25/13 16:00,3.433
8/25/13 16:30,3.459
8/25/13 17:00,3.459
8/25/13 17:30,3.459
8/25/13 18:00,3.459
8/25/13 18:30,3.459
8/25/13 19:00,3.433
8/25/13 19:30,3.433
8/25/13 20:00,3.433
8/25/13 20:30,3.433
8/25/13 21:00,3.433
8/25/13 21:30,3.433
8/25/13 22:00,3.433
8/25/13 22:30,3.433
8/25/13 23:00,3.433
8/25/13 23:30,3.433
8/26/13 0:00,3.433
8/26/13 0:30,3.433
8/26/13 1:00,3.433
8/26/13 1:30,3.433
8/26/13 2:00,3.433
8/26/13 2:30,3.433
8/26/13 3:00,3.433
8/26/13 3:30,3.433
8/26/13 4:00,3.433
8/26/13 4:30,3.433
8/26/13 5:00,3.433
8/26/13 5:30,3.433
8/26/13 6:00,3.433
8/26/13 6:30,3.459
8/26/13 7:00,3.459
8/26/13 7:30,3.459
8/26/13 8:00,3.459
8/26/13 8:30,3.459
8/26/13 9:00,3.459
8/26/13 9:30,3.459
8/26/13 10:00,3.459
8/26/13 10:30,3.459
8/26/13 11:00,3.459
8/26/13 11:30,3.459
8/26/13 12:00,3.485
8/26/13 12:30,3.485
8/26/13 13:00,3.485
8/26/13 13:30,3.485
8/26/13 14:00,3.485
8/26/13 14:30,3.485
8/26/13 15:00,3.485
8/26/13 15:30,3.485
8/26/13 16:00,3.485
8/26/13 16:30,3.485
8/26/13 17:00,3.485
8/26/13 17:30,3.485
8/26/13 18:00,3.485
8/26/13 18:30,3.485
8/26/13 19:00,3.459
8/26/13 19:30,3.459
8/26/13 20:00,3.459
8/26/13 20:30,3.459
8/26/13 21:00,3.459
8/26/13 21:30,3.459
8/26/13 22:00,3.459
8/26/13 22:30,3.459
8/26/13 23:00,3.459
8/26/13 23:30,3.459
8/27/13 0:00,3.459
8/27/13 0:30,3.459
8/27/13 1:00,3.459
8/27/13 1:30,3.459
8/27/13 2:00,3.459
8/27/13 2:30,3.459
8/27/13 3:00,3.459
8/27/13 3:30,3.459
8/27/13 4:00,3.459
8/27/13 4:30,3.459
8/27/13 5:00,3.459
8/27/13 5:30,3.459
8/27/13 6:00,3.459
8/27/13 6:30,3.459
8/27/13 7:00,3.459
8/27/13 7:30,3.459
8/27/13 8:00,3.485
8/27/13 8:30,3.485
8/27/13 9:00,3.459
8/27/13 9:30,3.485
8/27/13 10:00,3.485
8/27/13 10:30,3.485
8/27/13 11:00,3.485
8/27/13 11:30,3.485
8/27/13 12:00,3.485
8/27/13 12:30,3.485
8/27/13 13:00,3.485
8/27/13 13:30,3.485
8/27/13 14:00,3.485
8/27/13 14:30,3.485
8/27/13 15:00,3.485
8/27/13 15:30,3.485
8/27/13 16:00,3.485
8/27/13 16:30,3.485
8/27/13 17:00,3.485
8/27/13 17:30,3.485
8/27/13 18:00,3.485
8/27/13 18:30,3.459
8/27/13 19:00,3.459
8/27/13 19:30,3.459
8/27/13 20:00,3.459
8/27/13 20:30,3.459
8/27/13 21:00,3.459
8/27/13 21:30,3.459
8/27/13 22:00,3.459
8/27/13 22:30,3.459
8/27/13 23:00,3.459
8/27/13 23:30,3.459
8/28/13 0:00,3.459
8/28/13 0:30,3.459
8/28/13 1:00,3.459
8/28/13 1:30,3.459
8/28/13 2:00,3.459
8/28/13 2:30,3.459
8/28/13 3:00,3.459
8/28/13 3:30,3.459
8/28/13 4:00,3.459
8/28/13 4:30,3.459
8/28/13 5:00,3.459
8/28/13 5:30,3.485
8/28/13 6:00,3.459
8/28/13 6:30,3.459
8/28/13 7:00,3.459
8/28/13 7:30,3.459
8/28/13 8:00,3.459
8/28/13 8:30,3.459
8/28/13 9:00,3.459
8/28/13 9:30,3.459
8/28/13 10:00,3.485
8/28/13 10:30,3.459
8/28/13 11:00,3.459
8/28/13 11:30,3.485
8/28/13 12:00,3.485
8/28/13 12:30,3.485
8/28/13 13:00,3.485
8/28/13 13:30,3.485
8/28/13 14:00,3.485
8/28/13 14:30,3.485
8/28/13 15:00,3.485
8/28/13 15:30,3.485
8/28/13 16:00,3.485
8/28/13 16:30,3.485
8/28/13 17:00,3.485
8/28/13 17:30,3.485
8/28/13 18:00,3.485
8/28/13 18:30,3.485
8/28/13 19:00,3.459
8/28/13 19:30,3.459
8/28/13 20:00,3.485
8/28/13 20:30,3.459
8/28/13 21:00,3.459
8/28/13 21:30,3.459
8/28/13 22:00,3.459
8/28/13 22:30,3.459
8/28/13 23:00,3.459
8/28/13 23:30,3.459
8/29/13 0:00,3.459
8/29/13 0:30,3.459
8/29/13 1:00,3.459
8/29/13 1:30,3.459
8/29/13 2:00,3.459
8/29/13 2:30,3.459
8/29/13 3:00,3.459
8/29/13 3:30,3.459
8/29/13 4:00,3.459
8/29/13 4:30,3.459
8/29/13 5:00,3.459
8/29/13 5:30,3.512
8/29/13 6:00,3.485
8/29/13 6:30,3.459
8/29/13 7:00,3.485
8/29/13 7:30,3.512
8/29/13 8:00,3.485
8/29/13 8:30,3.485
8/29/13 9:00,3.485
8/29/13 9:30,3.485
8/29/13 10:00,3.485
8/29/13 10:30,3.512
8/29/13 11:00,3.512
8/29/13 11:30,3.512
8/29/13 12:00,3.512
8/29/13 12:30,3.512
8/29/13 13:00,3.512
8/29/13 13:30,3.512
8/29/13 14:00,3.512
8/29/13 14:30,3.512
8/29/13 15:00,3.512
8/29/13 15:30,3.485
8/29/13 16:00,3.512
8/29/13 16:30,3.512
8/29/13 17:00,3.485
8/29/13 17:30,3.485
8/29/13 18:00,3.485
8/29/13 18:30,3.485
8/29/13 19:00,3.485
8/29/13 19:30,3.485
8/29/13 20:00,3.485
8/29/13 20:30,3.485
8/29/13 21:00,3.485
8/29/13 21:30,3.485
8/29/13 22:00,3.485
8/29/13 22:30,3.485
8/29/13 23:00,3.485
8/29/13 23:30,3.485
8/30/13 0:00,3.485
8/30/13 0:30,3.485
8/30/13 1:00,3.485
8/30/13 1:30,3.485
8/30/13 2:00,3.485
8/30/13 2:30,3.485
8/30/13 3:00,3.485
8/30/13 3:30,3.485
8/30/13 4:00,3.485
8/30/13 4:30,3.459
8/30/13 5:00,3.485
8/30/13 5:30,3.459
8/30/13 6:00,3.485
8/30/13 6:30,3.459
8/30/13 7:00,3.459
8/30/13 7:30,3.459
8/30/13 8:00,3.459
8/30/13 8:30,3.459
8/30/13 9:00,3.459
8/30/13 9:30,3.459
8/30/13 10:00,3.485
8/30/13 10:30,3.485
8/30/13 11:00,3.485
8/30/13 11:30,3.485
8/30/13 12:00,3.485
8/30/13 12:30,3.485
8/30/13 13:00,3.485
8/30/13 13:30,3.485
8/30/13 14:00,3.485
8/30/13 14:30,3.485
8/30/13 15:00,3.485
8/30/13 15:30,3.485
8/30/13 16:00,3.485
8/30/13 16:30,3.485
8/30/13 17:00,3.485
8/30/13 17:30,3.485
8/30/13 18:00,3.485
8/30/13 18:30,3.485
8/30/13 19:00,3.459
8/30/13 19:30,3.459
8/30/13 20:00,3.459
8/30/13 20:30,3.459
8/30/13 21:00,3.459
8/30/13 21:30,3.459
8/30/13 22:00,3.459
8/30/13 22:30,3.459
8/30/13 23:00,3.459
8/30/13 23:30,3.459
8/31/13 0:00,3.459
8/31/13 0:30,3.459
8/31/13 1:00,3.459
8/31/13 1:30,3.459
8/31/13 2:00,3.459
8/31/13 2:30,3.459
8/31/13 3:00,3.459
8/31/13 3:30,3.459
8/31/13 4:00,3.459
8/31/13 4:30,3.459
8/31/13 5:00,3.459
8/31/13 5:30,3.459
8/31/13 6:00,3.459
8/31/13 6:30,3.459
8/31/13 7:00,3.459
8/31/13 7:30,3.485
8/31/13 8:00,3.485
8/31/13 8:30,3.485
8/31/13 9:00,3.485
8/31/13 9:30,3.485
8/31/13 10:00,3.485
8/31/13 10:30,3.485
8/31/13 11:00,3.512
8/31/13 11:30,3.512
8/31/13 12:00,3.485
8/31/13 12:30,3.485
8/31/13 13:00,3.485
8/31/13 13:30,3.512
8/31/13 14:00,3.512
8/31/13 14:30,3.512
8/31/13 15:00,3.485
8/31/13 15:30,3.485
8/31/13 16:00,3.485
8/31/13 16:30,3.485
8/31/13 17:00,3.485
8/31/13 17:30,3.485
8/31/13 18:00,3.485
8/31/13 18:30,3.485
8/31/13 19:00,3.485
8/31/13 19:30,3.485
8/31/13 20:00,3.485
8/31/13 20:30,3.485
8/31/13 21:00,3.485
8/31/13 21:30,3.485
8/31/13 22:00,3.485
8/31/13 22:30,3.459
8/31/13 23:00,3.485
8/31/13 23:30,3.485
9/1/13 0:00,3.485
9/1/13 0:30,3.459
9/1/13 1:00,3.459
9/1/13 1:30,3.459
9/1/13 2:00,3.459
9/1/13 2:30,3.459
9/1/13 3:00,3.459
9/1/13 3:30,3.459
9/1/13 4:00,3.459
9/1/13 4:30,3.485
9/1/13 5:00,3.459
9/1/13 5:30,3.459
9/1/13 6:00,3.485
9/1/13 6:30,3.485
9/1/13 7:00,3.485
9/1/13 7:30,3.485
9/1/13 8:00,3.459
9/1/13 8:30,3.459
9/1/13 9:00,3.485
9/1/13 9:30,3.485
9/1/13 10:00,3.485
9/1/13 10:30,3.512
9/1/13 11:00,3.512
9/1/13 11:30,3.512
9/1/13 12:00,3.512
9/1/13 12:30,3.485
9/1/13 13:00,3.485
9/1/13 13:30,3.512
9/1/13 14:00,3.512
9/1/13 14:30,3.485
9/1/13 15:00,3.485
9/1/13 15:30,3.485
9/1/13 16:00,3.485
9/1/13 16:30,3.485
9/1/13 17:00,3.485
9/1/13 17:30,3.485
9/1/13 18:00,3.485
9/1/13 18:30,3.485
9/1/13 19:00,3.485
9/1/13 19:30,3.485
9/1/13 20:00,3.485
9/1/13 20:30,3.485
9/1/13 21:00,3.485
9/1/13 21:30,3.485
9/1/13 22:00,3.485
9/1/13 22:30,3.485
9/1/13 23:00,3.485
9/1/13 23:30,3.459
9/2/13 0:00,3.485
9/2/13 0:30,3.485
9/2/13 1:00,3.459
9/2/13 1:30,3.485
9/2/13 2:00,3.459
9/2/13 2:30,3.459
9/2/13 3:00,3.459
9/2/13 3:30,3.459
9/2/13 4:00,3.459
9/2/13 4:30,3.459
9/2/13 5:00,3.459
9/2/13 5:30,3.459
9/2/13 6:00,3.459
9/2/13 6:30,3.459
9/2/13 7:00,3.459
9/2/13 7:30,3.459
9/2/13 8:00,3.459
9/2/13 8:30,3.459
9/2/13 9:00,3.459
9/2/13 9:30,3.459
9/2/13 10:00,3.485
9/2/13 10:30,3.485
9/2/13 11:00,3.485
9/2/13 11:30,3.485
9/2/13 12:00,3.485
9/2/13 12:30,3.485
9/2/13 13:00,3.485
9/2/13 13:30,3.485
9/2/13 14:00,3.485
9/2/13 14:30,3.485
9/2/13 15:00,3.485
9/2/13 15:30,3.485
9/2/13 16:00,3.485
9/2/13 16:30,3.485
9/2/13 17:00,3.485
9/2/13 17:30,3.485
9/2/13 18:00,3.485
9/2/13 18:30,3.485
9/2/13 19:00,3.485
9/2/13 19:30,3.485
9/2/13 20:00,3.485
9/2/13 20:30,3.485
9/2/13 21:00,3.485
9/2/13 21:30,3.485
9/2/13 22:00,3.485
9/2/13 22:30,3.459
9/2/13 23:00,3.459
9/2/13 23:30,3.459
9/3/13 0:00,3.459
9/3/13 0:30,3.459
9/3/13 1:00,3.459
9/3/13 1:30,3.459
9/3/13 2:00,3.459
9/3/13 2:30,3.459
9/3/13 3:00,3.485
9/3/13 3:30,3.459
9/3/13 4:00,3.459
9/3/13 4:30,3.459
9/3/13 5:00,3.459
9/3/13 5:30,3.459
9/3/13 6:00,3.459
9/3/13 6:30,3.459
9/3/13 7:00,3.459
9/3/13 7:30,3.459
9/3/13 8:00,3.459
9/3/13 8:30,3.459
9/3/13 9:00,3.459
9/3/13 9:30,3.485
9/3/13 10:00,3.485
9/3/13 10:30,3.485
9/3/13 11:00,3.485
9/3/13 11:30,3.485
9/3/13 12:00,3.485
9/3/13 12:30,3.485
9/3/13 13:00,3.485
9/3/13 13:30,3.485
9/3/13 14:00,3.485
9/3/13 14:30,3.485
9/3/13 15:00,3.485
9/3/13 15:30,3.485
9/3/13 16:00,3.485
9/3/13 16:30,3.485
9/3/13 17:00,3.485
9/3/13 17:30,3.485
9/3/13 18:00,3.485
9/3/13 18:30,3.485
9/3/13 19:00,3.485
9/3/13 19:30,3.485
9/3/13 20:00,3.485
9/3/13 20:30,3.485
9/3/13 21:00,3.485
9/3/13 21:30,3.485
9/3/13 22:00,3.459
9/3/13 22:30,3.459
9/3/13 23:00,3.459
9/3/13 23:30,3.459
9/4/13 0:00,3.459
9/4/13 0:30,3.459
9/4/13 1:00,3.459
9/4/13 1:30,3.459
9/4/13 2:00,3.459
9/4/13 2:30,3.459
9/4/13 3:00,3.459
9/4/13 3:30,3.459
9/4/13 4:00,3.459
9/4/13 4:30,3.459
9/4/13 5:00,3.459
9/4/13 5:30,3.459
9/4/13 6:00,3.459
9/4/13 6:30,3.459
9/4/13 7:00,3.459
9/4/13 7:30,3.459
9/4/13 8:00,3.459
9/4/13 8:30,3.459
9/4/13 9:00,3.485
9/4/13 9:30,3.485
9/4/13 10:00,3.485
9/4/13 10:30,3.485
9/4/13 11:00,3.485
9/4/13 11:30,3.485
9/4/13 12:00,3.485
9/4/13 12:30,3.485
9/4/13 13:00,3.485
9/4/13 13:30,3.485
9/4/13 14:00,3.485
9/4/13 14:30,3.485
9/4/13 15:00,3.485
9/4/13 15:30,3.485
9/4/13 16:00,3.485
9/4/13 16:30,3.485
9/4/13 17:00,3.485
9/4/13 17:30,3.485
9/4/13 18:00,3.485
9/4/13 18:30,3.485
9/4/13 19:00,3.485
9/4/13 19:30,3.485
9/4/13 20:00,3.485
9/4/13 20:30,3.485
9/4/13 21:00,3.485
9/4/13 21:30,3.485
9/4/13 22:00,3.485
9/4/13 22:30,3.485
9/4/13 23:00,3.485
9/4/13 23:30,3.485
9/5/13 0:00,3.485
9/5/13 0:30,3.485
9/5/13 1:00,3.485
9/5/13 1:30,3.485
9/5/13 2:00,3.485
9/5/13 2:30,3.485
9/5/13 3:00,3.485
9/5/13 3:30,3.485
9/5/13 4:00,3.485
9/5/13 4:30,3.485
9/5/13 5:00,3.485
9/5/13 5:30,3.485
9/5/13 6:00,3.459
9/5/13 6:30,3.459
9/5/13 7:00,3.459
9/5/13 7:30,3.459
9/5/13 8:00,3.459
9/5/13 8:30,3.459
9/5/13 9:00,3.459
9/5/13 9:30,3.459
9/5/13 10:00,3.459
9/5/13 10:30,3.485
9/5/13 11:00,3.485
9/5/13 11:30,3.485
9/5/13 12:00,3.485
9/5/13 12:30,3.485
9/5/13 13:00,3.485
9/5/13 13:30,3.485
9/5/13 14:00,3.485
9/5/13 14:30,3.485
9/5/13 15:00,3.485
9/5/13 15:30,3.485
9/5/13 16:00,3.485
9/5/13 16:30,3.485
9/5/13 17:00,3.485
9/5/13 17:30,3.485
9/5/13 18:00,3.485
9/5/13 18:30,3.485
9/5/13 19:00,3.485
9/5/13 19:30,3.485
9/5/13 20:00,3.485
9/5/13 20:30,3.512
9/5/13 21:00,3.538
9/5/13 21:30,3.538
9/5/13 22:00,3.538
9/5/13 22:30,3.512
9/5/13 23:00,3.538
9/5/13 23:30,3.538
9/6/13 0:00,3.538
9/6/13 0:30,3.538
9/6/13 1:00,3.564
9/6/13 1:30,3.538
9/6/13 2:00,3.538
9/6/13 2:30,3.538
9/6/13 3:00,3.538
9/6/13 3:30,3.538
9/6/13 4:00,3.538
9/6/13 4:30,3.538
9/6/13 5:00,3.538
9/6/13 5:30,3.538
9/6/13 6:00,3.538
9/6/13 6:30,3.512
9/6/13 7:00,3.538
9/6/13 7:30,3.512
9/6/13 8:00,3.538
9/6/13 8:30,3.538
9/6/13 9:00,3.538
9/6/13 9:30,3.538
9/6/13 10:00,3.538
9/6/13 10:30,3.538
9/6/13 11:00,3.538
9/6/13 11:30,3.538
9/6/13 12:00,3.538
9/6/13 12:30,3.538
9/6/13 13:00,3.538
9/6/13 13:30,3.538
9/6/13 14:00,3.538
9/6/13 14:30,3.538
9/6/13 15:00,3.538
9/6/13 15:30,3.538
9/6/13 16:00,3.512
9/6/13 16:30,3.538
9/6/13 17:00,3.538
9/6/13 17:30,3.512
9/6/13 18:00,3.512
9/6/13 18:30,3.512
9/6/13 19:00,3.512
9/6/13 19:30,3.512
9/6/13 20:00,3.485
9/6/13 20:30,3.485
9/6/13 21:00,3.485
9/6/13 21:30,3.485
9/6/13 22:00,3.485
9/6/13 22:30,3.485
9/6/13 23:00,3.485
9/6/13 23:30,3.485
9/7/13 0:00,3.485
9/7/13 0:30,3.485
9/7/13 1:00,3.485
9/7/13 1:30,3.485
9/7/13 2:00,3.485
9/7/13 2:30,3.485
9/7/13 3:00,3.485
9/7/13 3:30,3.485
9/7/13 4:00,3.485
9/7/13 4:30,3.485
9/7/13 5:00,3.485
9/7/13 5:30,3.485
9/7/13 6:00,3.485
9/7/13 6:30,3.485
9/7/13 7:00,3.485
9/7/13 7:30,3.485
9/7/13 8:00,3.485
9/7/13 8:30,3.485
9/7/13 9:00,3.512
9/7/13 9:30,3.512
9/7/13 10:00,3.512
9/7/13 10:30,3.512
9/7/13 11:00,3.512
9/7/13 11:30,3.512
9/7/13 12:00,3.512
9/7/13 12:30,3.512
9/7/13 13:00,3.512
9/7/13 13:30,3.512
9/7/13 14:00,3.512
9/7/13 14:30,3.512
9/7/13 15:00,3.512
9/7/13 15:30,3.512
9/7/13 16:00,3.512
9/7/13 16:30,3.512
9/7/13 17:00,3.512
9/7/13 17:30,3.512
9/7/13 18:00,3.485
9/7/13 18:30,3.485
9/7/13 19:00,3.485
9/7/13 19:30,3.485
9/7/13 20:00,3.485
9/7/13 20:30,3.485
9/7/13 21:00,3.485
9/7/13 21:30,3.485
9/7/13 22:00,3.485
9/7/13 22:30,3.485
9/7/13 23:00,3.485
9/7/13 23:30,3.485
9/8/13 0:00,3.485
9/8/13 0:30,3.485
9/8/13 1:00,3.485
9/8/13 1:30,3.485
9/8/13 2:00,3.485
9/8/13 2:30,3.485
9/8/13 3:00,3.485
9/8/13 3:30,3.485
9/8/13 4:00,3.485
9/8/13 4:30,3.485
9/8/13 5:00,3.485
9/8/13 5:30,3.485
9/8/13 6:00,3.485
9/8/13 6:30,3.485
9/8/13 7:00,3.485
9/8/13 7:30,3.485
9/8/13 8:00,3.485
9/8/13 8:30,3.485
9/8/13 9:00,3.485
9/8/13 9:30,3.485
9/8/13 10:00,3.485
9/8/13 10:30,3.485
9/8/13 11:00,3.485
9/8/13 11:30,3.512
9/8/13 12:00,3.512
9/8/13 12:30,3.512
9/8/13 13:00,3.512
9/8/13 13:30,3.512
9/8/13 14:00,3.512
9/8/13 14:30,3.512
9/8/13 15:00,3.512
9/8/13 15:30,3.512
9/8/13 16:00,3.512
9/8/13 16:30,3.512
9/8/13 17:00,3.512
9/8/13 17:30,3.512
9/8/13 18:00,3.512
9/8/13 18:30,3.512
9/8/13 19:00,3.485
9/8/13 19:30,3.485
9/8/13 20:00,3.485
9/8/13 20:30,3.485
9/8/13 21:00,3.485
9/8/13 21:30,3.485
9/8/13 22:00,3.485
9/8/13 22:30,3.485
9/8/13 23:00,3.485
9/8/13 23:30,3.485
9/9/13 0:00,3.485
9/9/13 0:30,3.485
9/9/13 1:00,3.485
9/9/13 1:30,3.485
9/9/13 2:00,3.485
9/9/13 2:30,3.485
9/9/13 3:00,3.485
9/9/13 3:30,3.485
9/9/13 4:00,3.485
9/9/13 4:30,3.485
9/9/13 5:00,3.485
9/9/13 5:30,3.485
9/9/13 6:00,3.485
9/9/13 6:30,3.485
9/9/13 7:00,3.485
9/9/13 7:30,3.485
9/9/13 8:00,3.485
9/9/13 8:30,3.485
9/9/13 9:00,3.485
9/9/13 9:30,3.485
9/9/13 10:00,3.485
9/9/13 10:30,3.485
9/9/13 11:00,3.512
9/9/13 11:30,3.512
9/9/13 12:00,3.512
9/9/13 12:30,3.512
9/9/13 13:00,3.512
9/9/13 13:30,3.538
9/9/13 14:00,3.538
9/9/13 14:30,3.538
9/9/13 15:00,3.538
9/9/13 15:30,3.538
9/9/13 16:00,3.538
9/9/13 16:30,3.538
9/9/13 17:00,3.538
9/9/13 17:30,3.512
9/9/13 18:00,3.512
9/9/13 18:30,3.512
9/9/13 19:00,3.512
9/9/13 19:30,3.512
9/9/13 20:00,3.485
9/9/13 20:30,3.485
9/9/13 21:00,3.485
9/9/13 21:30,3.485
9/9/13 22:00,3.485
9/9/13 22:30,3.485
9/9/13 23:00,3.485
9/9/13 23:30,3.485
9/10/13 0:00,3.485
9/10/13 0:30,3.485
9/10/13 1:00,3.485
9/10/13 1:30,3.485
9/10/13 2:00,3.485
9/10/13 2:30,3.485
9/10/13 3:00,3.485
9/10/13 3:30,3.485
9/10/13 4:00,3.485
9/10/13 4:30,3.485
9/10/13 5:00,3.485
9/10/13 5:30,3.485
9/10/13 6:00,3.512
9/10/13 6:30,3.512
9/10/13 7:00,3.512
9/10/13 7:30,3.512
9/10/13 8:00,3.512
9/10/13 8:30,3.512
9/10/13 9:00,3.512
9/10/13 9:30,3.538
9/10/13 10:00,3.538
9/10/13 10:30,3.538
9/10/13 11:00,3.538
9/10/13 11:30,3.538
9/10/13 12:00,3.564
9/10/13 12:30,3.564
9/10/13 13:00,3.564
9/10/13 13:30,3.564
9/10/13 14:00,3.564
9/10/13 14:30,3.564
9/10/13 15:00,3.564
9/10/13 15:30,3.538
9/10/13 16:00,3.538
9/10/13 16:30,3.538
9/10/13 17:00,3.538
9/10/13 17:30,3.538
9/10/13 18:00,3.538
9/10/13 18:30,3.538
9/10/13 19:00,3.538
9/10/13 19:30,3.512
9/10/13 20:00,3.538
9/10/13 20:30,3.512
9/10/13 21:00,3.512
9/10/13 21:30,3.512
9/10/13 22:00,3.512
9/10/13 22:30,3.512
9/10/13 23:00,3.538
9/10/13 23:30,3.512
9/11/13 0:00,3.512
9/11/13 0:30,3.512
9/11/13 1:00,3.538
9/11/13 1:30,3.538
9/11/13 2:00,3.538
9/11/13 2:30,3.538
9/11/13 3:00,3.538
9/11/13 3:30,3.538
9/11/13 4:00,3.538
9/11/13 4:30,3.538
9/11/13 5:00,3.538
9/11/13 5:30,3.538
9/11/13 6:00,3.538
9/11/13 6:30,3.538
9/11/13 7:00,3.538
9/11/13 7:30,3.538
9/11/13 8:00,3.538
9/11/13 8:30,3.538
9/11/13 9:00,3.538
9/11/13 9:30,3.564
9/11/13 10:00,3.564
9/11/13 10:30,3.564
9/11/13 11:00,3.591
9/11/13 11:30,3.591
9/11/13 12:00,3.564
9/11/13 12:30,3.591
9/11/13 13:00,3.591
9/11/13 13:30,3.591
9/11/13 14:00,3.564
9/11/13 14:30,3.564
9/11/13 15:00,3.564
9/11/13 15:30,3.538
9/11/13 16:00,3.538
9/11/13 16:30,3.538
9/11/13 17:00,3.538
9/11/13 17:30,3.538
9/11/13 18:00,3.538
9/11/13 18:30,3.538
9/11/13 19:00,3.538
9/11/13 19:30,3.538
9/11/13 20:00,3.538
9/11/13 20:30,3.538
9/11/13 21:00,3.538
9/11/13 21:30,3.538
9/11/13 22:00,3.538
9/11/13 22:30,3.538
9/11/13 23:00,3.538
9/11/13 23:30,3.538
9/12/13 0:00,3.538
9/12/13 0:30,3.512
9/12/13 1:00,3.512
9/12/13 1:30,3.512
9/12/13 2:00,3.512
9/12/13 2:30,3.512
9/12/13 3:00,3.512
9/12/13 3:30,3.512
9/12/13 4:00,3.538
9/12/13 4:30,3.512
9/12/13 5:00,3.512
9/12/13 5:30,3.512
9/12/13 6:00,3.512
9/12/13 6:30,3.538
9/12/13 7:00,3.512
9/12/13 7:30,3.512
9/12/13 8:00,3.512
9/12/13 8:30,3.512
9/12/13 9:00,3.512
9/12/13 9:30,3.538
9/12/13 10:00,3.538
9/12/13 10:30,3.538
9/12/13 11:00,3.538
9/12/13 11:30,3.538
9/12/13 12:00,3.538
9/12/13 12:30,3.538
9/12/13 13:00,3.538
9/12/13 13:30,3.564
9/12/13 14:00,3.538
9/12/13 14:30,3.538
9/12/13 15:00,3.538
9/12/13 15:30,3.538
9/12/13 16:00,3.538
9/12/13 16:30,3.538
9/12/13 17:00,3.538
9/12/13 17:30,3.538
9/12/13 18:00,3.538
9/12/13 18:30,3.538
9/12/13 19:00,3.538
9/12/13 19:30,3.538
9/12/13 20:00,3.538
9/12/13 20:30,3.538
9/12/13 21:00,3.538
9/12/13 21:30,3.538
9/12/13 22:00,3.538
9/12/13 22:30,3.512
9/12/13 23:00,3.512
9/12/13 23:30,3.512
9/13/13 0:00,3.512
9/13/13 0:30,3.512
9/13/13 1:00,3.512
9/13/13 1:30,3.512
9/13/13 2:00,3.512
9/13/13 2:30,3.512
9/13/13 3:00,3.512
9/13/13 3:30,3.512
9/13/13 4:00,3.512
9/13/13 4:30,3.512
9/13/13 5:00,3.512
9/13/13 5:30,3.512
9/13/13 6:00,3.512
9/13/13 6:30,3.512
9/13/13 7:00,3.512
9/13/13 7:30,3.512
9/13/13 8:00,3.512
9/13/13 8:30,3.512
9/13/13 9:00,3.512
9/13/13 9:30,3.538
9/13/13 10:00,3.538
9/13/13 10:30,3.538
9/13/13 11:00,3.564
9/13/13 11:30,3.564
9/13/13 12:00,3.564
9/13/13 12:30,3.564
9/13/13 13:00,3.564
9/13/13 13:30,3.591
9/13/13 14:00,3.564
9/13/13 14:30,3.564
9/13/13 15:00,3.564
9/13/13 15:30,3.564
9/13/13 16:00,3.564
9/13/13 16:30,3.564
9/13/13 17:00,3.538
9/13/13 17:30,3.538
9/13/13 18:00,3.538
9/13/13 18:30,3.538
9/13/13 19:00,3.538
9/13/13 19:30,3.538
9/13/13 20:00,3.538
9/13/13 20:30,3.538
9/13/13 21:00,3.538
9/13/13 21:30,3.538
9/13/13 22:00,3.512
9/13/13 22:30,3.538
9/13/13 23:00,3.538
9/13/13 23:30,3.512
9/14/13 0:00,3.512
9/14/13 0:30,3.512
9/14/13 1:00,3.512
9/14/13 1:30,3.512
9/14/13 2:00,3.512
9/14/13 2:30,3.512
9/14/13 3:00,3.512
9/14/13 3:30,3.512
9/14/13 4:00,3.512
9/14/13 4:30,3.512
9/14/13 5:00,3.512
9/14/13 5:30,3.512
9/14/13 6:00,3.512
9/14/13 6:30,3.538
9/14/13 7:00,3.512
9/14/13 7:30,3.512
9/14/13 8:00,3.538
9/14/13 8:30,3.538
9/14/13 9:00,3.538
9/14/13 9:30,3.538
9/14/13 10:00,3.538
9/14/13 10:30,3.564
9/14/13 11:00,3.564
9/14/13 11:30,3.564
9/14/13 12:00,3.564
9/14/13 12:30,3.591
9/14/13 13:00,3.591
9/14/13 13:30,3.591
9/14/13 14:00,3.591
9/14/13 14:30,3.591
9/14/13 15:00,3.591
9/14/13 15:30,3.591
9/14/13 16:00,3.591
9/14/13 16:30,3.591
9/14/13 17:00,3.591
9/14/13 17:30,3.564
9/14/13 18:00,3.564
9/14/13 18:30,3.564
9/14/13 19:00,3.538
9/14/13 19:30,3.538
9/14/13 20:00,3.538
9/14/13 20:30,3.538
9/14/13 21:00,3.538
9/14/13 21:30,3.538
9/14/13 22:00,3.538
9/14/13 22:30,3.538
9/14/13 23:00,3.538
9/14/13 23:30,3.538
9/15/13 0:00,3.538
9/15/13 0:30,3.538
9/15/13 1:00,3.538
9/15/13 1:30,3.538
9/15/13 2:00,3.538
9/15/13 2:30,3.538
9/15/13 3:00,3.538
9/15/13 3:30,3.538
9/15/13 4:00,3.538
9/15/13 4:30,3.538
9/15/13 5:00,3.538
9/15/13 5:30,3.538
9/15/13 6:00,3.538
9/15/13 6:30,3.538
9/15/13 7:00,3.538
9/15/13 7:30,3.538
9/15/13 8:00,3.538
9/15/13 8:30,3.538
9/15/13 9:00,3.538
9/15/13 9:30,3.538
9/15/13 10:00,3.538
9/15/13 10:30,3.591
9/15/13 11:00,3.564
9/15/13 11:30,3.564
9/15/13 12:00,3.564
9/15/13 12:30,3.564
9/15/13 13:00,3.564
9/15/13 13:30,3.564
9/15/13 14:00,3.538
9/15/13 14:30,3.538
9/15/13 15:00,3.538
9/15/13 15:30,3.538
9/15/13 16:00,3.538
9/15/13 16:30,3.538
9/15/13 17:00,3.538
9/15/13 17:30,3.564
9/15/13 18:00,3.538
9/15/13 18:30,3.564
9/15/13 19:00,3.538
9/15/13 19:30,3.538
9/15/13 20:00,3.538
9/15/13 20:30,3.564
9/15/13 21:00,3.538
9/15/13 21:30,3.538
9/15/13 22:00,3.538
9/15/13 22:30,3.538
9/15/13 23:00,3.538
9/15/13 23:30,3.538
9/16/13 0:00,3.538
9/16/13 0:30,3.538
9/16/13 1:00,3.538
9/16/13 1:30,3.538
9/16/13 2:00,3.538
9/16/13 2:30,3.538
9/16/13 3:00,3.538
9/16/13 3:30,3.538
9/16/13 4:00,3.538
9/16/13 4:30,3.538
9/16/13 5:00,3.538
9/16/13 5:30,3.538
9/16/13 6:00,3.538
9/16/13 6:30,3.538
9/16/13 7:00,3.538
9/16/13 7:30,3.538
9/16/13 8:00,3.538
9/16/13 8:30,3.538
9/16/13 9:00,3.538
9/16/13 9:30,3.538
9/16/13 10:00,3.538
9/16/13 10:30,3.538
9/16/13 11:00,3.538
9/16/13 11:30,3.538
9/16/13 12:00,3.538
9/16/13 12:30,3.538
9/16/13 13:00,3.538
9/16/13 13:30,3.538
9/16/13 14:00,3.538
9/16/13 14:30,3.538
9/16/13 15:00,3.564
9/16/13 15:30,3.538
9/16/13 16:00,3.538
9/16/13 16:30,3.538
9/16/13 17:00,3.564
9/16/13 17:30,3.564
9/16/13 18:00,3.538
9/16/13 18:30,3.538
9/16/13 19:00,3.538
9/16/13 19:30,3.538
9/16/13 20:00,3.538
9/16/13 20:30,3.538
9/16/13 21:00,3.538
9/16/13 21:30,3.538
9/16/13 22:00,3.538
9/16/13 22:30,3.538
9/16/13 23:00,3.538
9/16/13 23:30,3.538
9/17/13 0:00,3.512
9/17/13 0:30,3.512
9/17/13 1:00,3.538
9/17/13 1:30,3.538
9/17/13 2:00,3.538
9/17/13 2:30,3.538
9/17/13 3:00,3.538
9/17/13 3:30,3.538
9/17/13 4:00,3.538
9/17/13 4:30,3.538
9/17/13 5:00,3.512
9/17/13 5:30,3.512
9/17/13 6:00,3.512
9/17/13 6:30,3.512
9/17/13 7:00,3.512
9/17/13 7:30,3.512
9/17/13 8:00,3.512
9/17/13 8:30,3.538
9/17/13 9:00,3.538
9/17/13 9:30,3.538
9/17/13 10:00,3.538
9/17/13 10:30,3.538
9/17/13 11:00,3.538
9/17/13 11:30,3.538
9/17/13 12:00,3.538
9/17/13 12:30,3.538
9/17/13 13:00,3.538
9/17/13 13:30,3.538
9/17/13 14:00,3.564
9/17/13 14:30,3.538
9/17/13 15:00,3.538
9/17/13 15:30,3.538
9/17/13 16:00,3.538
9/17/13 16:30,3.538
9/17/13 17:00,3.538
9/17/13 17:30,3.538
9/17/13 18:00,3.538
9/17/13 18:30,3.538
9/17/13 19:00,3.538
9/17/13 19:30,3.538
9/17/13 20:00,3.538
9/17/13 20:30,3.538
9/17/13 21:00,3.538
9/17/13 21:30,3.538
9/17/13 22:00,3.538
9/17/13 22:30,3.538
9/17/13 23:00,3.538
9/17/13 23:30,3.538
9/18/13 0:00,3.538
9/18/13 0:30,3.538
9/18/13 1:00,3.512
9/18/13 1:30,3.538
9/18/13 2:00,3.538
9/18/13 2:30,3.538
9/18/13 3:00,3.538
9/18/13 3:30,3.538
9/18/13 4:00,3.538
9/18/13 4:30,3.538
9/18/13 5:00,3.538
9/18/13 5:30,3.538
9/18/13 6:00,3.538
9/18/13 6:30,3.538
9/18/13 7:00,3.512
9/18/13 7:30,3.538
9/18/13 8:00,3.512
9/18/13 8:30,3.512
9/18/13 9:00,3.538
9/18/13 9:30,3.538
9/18/13 10:00,3.538
9/18/13 10:30,3.538
9/18/13 11:00,3.538
9/18/13 11:30,3.538
9/18/13 12:00,3.538
9/18/13 12:30,3.538
9/18/13 13:00,3.538
9/18/13 13:30,3.538
9/18/13 14:00,3.538
9/18/13 14:30,3.538
9/18/13 15:00,3.538
9/18/13 15:30,3.538
9/18/13 16:00,3.538
9/18/13 16:30,3.538
9/18/13 17:00,3.538
9/18/13 17:30,3.538
9/18/13 18:00,3.538
9/18/13 18:30,3.538
9/18/13 19:00,3.512
9/18/13 19:30,3.512
9/18/13 20:00,3.512
9/18/13 20:30,3.512
9/18/13 21:00,3.512
9/18/13 21:30,3.512
9/18/13 22:00,3.512
9/18/13 22:30,3.512
9/18/13 23:00,3.512
9/18/13 23:30,3.512
9/19/13 0:00,3.485
9/19/13 0:30,3.485
9/19/13 1:00,3.485
9/19/13 1:30,3.512
9/19/13 2:00,3.485
9/19/13 2:30,3.485
9/19/13 3:00,3.512
9/19/13 3:30,3.512
9/19/13 4:00,3.512
9/19/13 4:30,3.512
9/19/13 5:00,3.512
9/19/13 5:30,3.512
9/19/13 6:00,3.512
9/19/13 6:30,3.538
9/19/13 7:00,3.512
9/19/13 7:30,3.512
9/19/13 8:00,3.538
9/19/13 8:30,3.538
9/19/13 9:00,3.538
9/19/13 9:30,3.538
9/19/13 10:00,3.564
9/19/13 10:30,3.591
9/19/13 11:00,3.696
9/19/13 11:30,3.617
9/19/13 12:00,3.617
9/19/13 12:30,3.617
9/19/13 13:00,3.617
9/19/13 13:30,3.643
9/19/13 14:00,3.617
9/19/13 14:30,3.617
9/19/13 15:00,3.591
9/19/13 15:30,3.591
9/19/13 16:00,3.591
9/19/13 16:30,3.591
9/19/13 17:00,3.564
9/19/13 17:30,3.564
9/19/13 18:00,3.564
9/19/13 18:30,3.564
9/19/13 19:00,3.564
9/19/13 19:30,3.538
9/19/13 20:00,3.538
9/19/13 20:30,3.538
9/19/13 21:00,3.538
9/19/13 21:30,3.538
9/19/13 22:00,3.564
9/19/13 22:30,3.564
9/19/13 23:00,3.564
9/19/13 23:30,3.564
9/20/13 0:00,3.564
9/20/13 0:30,3.538
9/20/13 1:00,3.538
9/20/13 1:30,3.538
9/20/13 2:00,3.538
9/20/13 2:30,3.538
9/20/13 3:00,3.538
9/20/13 3:30,3.538
9/20/13 4:00,3.538
9/20/13 4:30,3.538
9/20/13 5:00,3.538
9/20/13 5:30,3.538
9/20/13 6:00,3.538
9/20/13 6:30,3.538
9/20/13 7:00,3.538
9/20/13 7:30,3.538
9/20/13 8:00,3.538
9/20/13 8:30,3.538
9/20/13 9:00,3.538
9/20/13 9:30,3.564
9/20/13 10:00,3.591
9/20/13 10:30,3.591
9/20/13 11:00,3.617
9/20/13 11:30,3.591
9/20/13 12:00,3.617
9/20/13 12:30,3.617
9/20/13 13:00,3.617
9/20/13 13:30,3.591
9/20/13 14:00,3.591
9/20/13 14:30,3.591
9/20/13 15:00,3.591
9/20/13 15:30,3.591
9/20/13 16:00,3.617
9/20/13 16:30,3.591
9/20/13 17:00,3.591
9/20/13 17:30,3.591
9/20/13 18:00,3.591
9/20/13 18:30,3.591
9/20/13 19:00,3.591
9/20/13 19:30,3.591
9/20/13 20:00,3.564
9/20/13 20:30,3.591
9/20/13 21:00,3.564
9/20/13 21:30,3.564
9/20/13 22:00,3.564
9/20/13 22:30,3.564
9/20/13 23:00,3.564
9/20/13 23:30,3.564
9/21/13 0:00,3.564
9/21/13 0:30,3.538
9/21/13 1:00,3.538
9/21/13 1:30,3.538
9/21/13 2:00,3.538
9/21/13 2:30,3.538
9/21/13 3:00,3.538
9/21/13 3:30,3.538
9/21/13 4:00,3.538
9/21/13 4:30,3.538
9/21/13 5:00,3.538
9/21/13 5:30,3.538
9/21/13 6:00,3.538
9/21/13 6:30,3.538
9/21/13 7:00,3.538
9/21/13 7:30,3.538
9/21/13 8:00,3.512
9/21/13 8:30,3.538
9/21/13 9:00,3.538
9/21/13 9:30,3.538
9/21/13 10:00,3.538
9/21/13 10:30,3.538
9/21/13 11:00,3.538
9/21/13 11:30,3.538
9/21/13 12:00,3.538
9/21/13 12:30,3.564
9/21/13 13:00,3.564
9/21/13 13:30,3.564
9/21/13 14:00,3.564
9/21/13 14:30,3.564
9/21/13 15:00,3.564
9/21/13 15:30,3.564
9/21/13 16:00,3.564
9/21/13 16:30,3.564
9/21/13 17:00,3.564
9/21/13 17:30,3.564
9/21/13 18:00,3.564
9/21/13 18:30,3.538
9/21/13 19:00,3.538
9/21/13 19:30,3.538
9/21/13 20:00,3.538
9/21/13 20:30,3.538
9/21/13 21:00,3.538
9/21/13 21:30,3.538
9/21/13 22:00,3.538
9/21/13 22:30,3.538
9/21/13 23:00,3.538
9/21/13 23:30,3.538
9/22/13 0:00,3.538
9/22/13 0:30,3.538
9/22/13 1:00,3.538
9/22/13 1:30,3.538
9/22/13 2:00,3.538
9/22/13 2:30,3.538
9/22/13 3:00,3.538
9/22/13 3:30,3.538
9/22/13 4:00,3.538
9/22/13 4:30,3.538
9/22/13 5:00,3.538
9/22/13 5:30,3.538
9/22/13 6:00,3.538
9/22/13 6:30,3.538
9/22/13 7:00,3.538
9/22/13 7:30,3.538
9/22/13 8:00,3.538
9/22/13 8:30,3.538
9/22/13 9:00,3.538
9/22/13 9:30,3.538
9/22/13 10:00,3.538
9/22/13 10:30,3.564
9/22/13 11:00,3.617
9/22/13 11:30,3.591
9/22/13 12:00,3.591
9/22/13 12:30,3.591
9/22/13 13:00,3.591
9/22/13 13:30,3.617
9/22/13 14:00,3.591
9/22/13 14:30,3.617
9/22/13 15:00,3.591
9/22/13 15:30,3.617
9/22/13 16:00,3.591
9/22/13 16:30,3.591
9/22/13 17:00,3.564
9/22/13 17:30,3.564
9/22/13 18:00,3.564
9/22/13 18:30,3.564
9/22/13 19:00,3.564
9/22/13 19:30,3.564
9/22/13 20:00,3.564
9/22/13 20:30,3.564
9/22/13 21:00,3.538
9/22/13 21:30,3.538
9/22/13 22:00,3.538
9/22/13 22:30,3.538
9/22/13 23:00,3.538
9/22/13 23:30,3.538
9/23/13 0:00,3.538
9/23/13 0:30,3.538
9/23/13 1:00,3.538
9/23/13 1:30,3.538
9/23/13 2:00,3.538
9/23/13 2:30,3.564
9/23/13 3:00,3.538
9/23/13 3:30,3.538
9/23/13 4:00,3.538
9/23/13 4:30,3.538
9/23/13 5:00,3.538
9/23/13 5:30,3.538
9/23/13 6:00,3.538
9/23/13 6:30,3.538
9/23/13 7:00,3.538
9/23/13 7:30,3.538
9/23/13 8:00,3.538
9/23/13 8:30,3.538
9/23/13 9:00,3.564
9/23/13 9:30,3.564
9/23/13 10:00,3.564
9/23/13 10:30,3.564
9/23/13 11:00,3.564
9/23/13 11:30,3.564
9/23/13 12:00,3.564
9/23/13 12:30,3.591
9/23/13 13:00,3.591
9/23/13 13:30,3.591
9/23/13 14:00,3.591
9/23/13 14:30,3.591
9/23/13 15:00,3.591
9/23/13 15:30,3.591
9/23/13 16:00,3.591
9/23/13 16:30,3.591
9/23/13 17:00,3.591
9/23/13 17:30,3.591
9/23/13 18:00,3.591
9/23/13 18:30,3.591
9/23/13 19:00,3.564
9/23/13 19:30,3.564
9/23/13 20:00,3.564
9/23/13 20:30,3.564
9/23/13 21:00,3.564
9/23/13 21:30,3.538
9/23/13 22:00,3.564
9/23/13 22:30,3.564
9/23/13 23:00,3.538
9/23/13 23:30,3.564
9/24/13 0:00,3.538
9/24/13 0:30,3.538
9/24/13 1:00,3.538
9/24/13 1:30,3.538
9/24/13 2:00,3.538
9/24/13 2:30,3.538
9/24/13 3:00,3.538
9/24/13 3:30,3.538
9/24/13 4:00,3.538
9/24/13 4:30,3.538
9/24/13 5:00,3.512
9/24/13 5:30,3.512
9/24/13 6:00,3.512
9/24/13 6:30,3.512
9/24/13 7:00,3.485
9/24/13 7:30,3.485
9/24/13 8:00,3.512
9/24/13 8:30,3.512
9/24/13 9:00,3.512
9/24/13 9:30,3.538
9/24/13 10:00,3.538
9/24/13 10:30,3.538
9/24/13 11:00,3.538
9/24/13 11:30,3.538
9/24/13 12:00,3.538
9/24/13 12:30,3.564
9/24/13 13:00,3.564
9/24/13 13:30,3.564
9/24/13 14:00,3.591
9/24/13 14:30,3.591
9/24/13 15:00,3.591
9/24/13 15:30,3.564
9/24/13 16:00,3.564
9/24/13 16:30,3.564
9/24/13 17:00,3.538
9/24/13 17:30,3.564
9/24/13 18:00,3.538
9/24/13 18:30,3.538
9/24/13 19:00,3.538
9/24/13 19:30,3.538
9/24/13 20:00,3.538
9/24/13 20:30,3.538
9/24/13 21:00,3.538
9/24/13 21:30,3.512
9/24/13 22:00,3.512
9/24/13 22:30,3.512
9/24/13 23:00,3.512
9/24/13 23:30,3.512
9/25/13 0:00,3.512
9/25/13 0:30,3.512
9/25/13 1:00,3.512
9/25/13 1:30,3.512
9/25/13 2:00,3.512
9/25/13 2:30,3.512
9/25/13 3:00,3.512
9/25/13 3:30,3.512
9/25/13 4:00,3.512
9/25/13 4:30,3.512
9/25/13 5:00,3.485
9/25/13 5:30,3.512
9/25/13 6:00,3.512
9/25/13 6:30,3.512
9/25/13 7:00,3.512
9/25/13 7:30,3.512
9/25/13 8:00,3.512
9/25/13 8:30,3.512
9/25/13 9:00,3.512
9/25/13 9:30,3.512
9/25/13 10:00,3.538
9/25/13 10:30,3.538
9/25/13 11:00,3.538
9/25/13 11:30,3.538
9/25/13 12:00,3.538
9/25/13 12:30,3.538
9/25/13 13:00,3.538
9/25/13 13:30,3.538
9/25/13 14:00,3.564
9/25/13 14:30,3.564
9/25/13 15:00,3.564
9/25/13 15:30,3.564
9/25/13 16:00,3.564
9/25/13 16:30,3.538
9/25/13 17:00,3.538
9/25/13 17:30,3.538
9/25/13 18:00,3.538
9/25/13 18:30,3.538
9/25/13 19:00,3.538
9/25/13 19:30,3.538
9/25/13 20:00,3.538
9/25/13 20:30,3.538
9/25/13 21:00,3.512
9/25/13 21:30,3.512
9/25/13 22:00,3.512
9/25/13 22:30,3.512
9/25/13 23:00,3.512
9/25/13 23:30,3.512
9/26/13 0:00,3.512
9/26/13 0:30,3.512
9/26/13 1:00,3.512
9/26/13 1:30,3.512
9/26/13 2:00,3.512
9/26/13 2:30,3.485
9/26/13 3:00,3.485
9/26/13 3:30,3.485
9/26/13 4:00,3.485
9/26/13 4:30,3.485
9/26/13 5:00,3.485
9/26/13 5:30,3.485
9/26/13 6:00,3.485
9/26/13 6:30,3.485
9/26/13 7:00,3.485
9/26/13 7:30,3.485
9/26/13 8:00,3.485
9/26/13 8:30,3.485
9/26/13 9:00,3.485
9/26/13 9:30,3.512
9/26/13 10:00,3.512
9/26/13 10:30,3.538
9/26/13 11:00,3.538
9/26/13 11:30,3.538
9/26/13 12:00,3.538
9/26/13 12:30,3.538
9/26/13 13:00,3.564
9/26/13 13:30,3.564
9/26/13 14:00,3.564
9/26/13 14:30,3.564
9/26/13 15:00,3.564
9/26/13 15:30,3.591
9/26/13 16:00,3.591
9/26/13 16:30,3.564
9/26/13 17:00,3.564
9/26/13 17:30,3.564
9/26/13 18:00,3.538
9/26/13 18:30,3.538
9/26/13 19:00,3.538
9/26/13 19:30,3.538
9/26/13 20:00,3.538
9/26/13 20:30,3.538
9/26/13 21:00,3.512
9/26/13 21:30,3.512
9/26/13 22:00,3.512
9/26/13 22:30,3.512
9/26/13 23:00,3.485
9/26/13 23:30,3.485
9/27/13 0:00,3.485
9/27/13 0:30,3.485
9/27/13 1:00,3.485
9/27/13 1:30,3.485
9/27/13 2:00,3.485
9/27/13 2:30,3.485
9/27/13 3:00,3.485
9/27/13 3:30,3.485
9/27/13 4:00,3.485
9/27/13 4:30,3.485
9/27/13 5:00,3.485
9/27/13 5:30,3.485
9/27/13 6:00,3.485
9/27/13 6:30,3.485
9/27/13 7:00,3.485
9/27/13 7:30,3.485
9/27/13 8:00,3.485
9/27/13 8:30,3.485
9/27/13 9:00,3.512
9/27/13 9:30,3.512
9/27/13 10:00,3.512
9/27/13 10:30,3.538
9/27/13 11:00,3.538
9/27/13 11:30,3.538
9/27/13 12:00,3.538
9/27/13 12:30,3.538
9/27/13 13:00,3.564
9/27/13 13:30,3.564
9/27/13 14:00,3.538
9/27/13 14:30,3.538
9/27/13 15:00,3.538
9/27/13 15:30,3.564
9/27/13 16:00,3.564
9/27/13 16:30,3.564
9/27/13 17:00,3.591
9/27/13 17:30,3.591
9/27/13 18:00,3.564
9/27/13 18:30,3.564
9/27/13 19:00,3.564
9/27/13 19:30,3.564
9/27/13 20:00,3.564
9/27/13 20:30,3.564
9/27/13 21:00,3.564
9/27/13 21:30,3.564
9/27/13 22:00,3.564
9/27/13 22:30,3.564
9/27/13 23:00,3.564
9/27/13 23:30,3.564
9/28/13 0:00,3.591
9/28/13 0:30,3.591
9/28/13 1:00,3.591
9/28/13 1:30,3.591
9/28/13 2:00,3.591
9/28/13 2:30,3.617
9/28/13 3:00,3.617
9/28/13 3:30,3.617
9/28/13 4:00,3.617
9/28/13 4:30,3.643
9/28/13 5:00,3.643
9/28/13 5:30,3.67
9/28/13 6:00,3.696
9/28/13 6:30,3.749
9/28/13 7:00,3.749
9/28/13 7:30,3.749
9/28/13 8:00,3.749
9/28/13 8:30,3.775
9/28/13 9:00,3.801
9/28/13 9:30,3.775
9/28/13 10:00,3.801
9/28/13 10:30,3.906
9/28/13 11:00,3.906
9/28/13 11:30,3.932
9/28/13 12:00,3.985
9/28/13 12:30,3.985
9/28/13 13:00,3.958
9/28/13 13:30,3.958
9/28/13 14:00,3.958
9/28/13 14:30,3.958
9/28/13 15:00,4.011
9/28/13 15:30,4.063
9/28/13 16:00,4.089
9/28/13 16:30,4.22
9/28/13 17:00,4.22
9/28/13 17:30,4.22
9/28/13 18:00,4.246
9/28/13 18:30,4.298
9/28/13 19:00,4.298
9/28/13 19:30,4.22
9/28/13 20:00,4.141
9/28/13 20:30,4.011
9/28/13 21:00,3.906
9/28/13 21:30,3.801
9/28/13 22:00,3.749
9/28/13 22:30,3.722
9/28/13 23:00,3.67
9/28/13 23:30,3.643
9/29/13 0:00,3.617
9/29/13 0:30,3.591
9/29/13 1:00,3.591
9/29/13 1:30,3.564
9/29/13 2:00,3.564
9/29/13 2:30,3.564
9/29/13 3:00,3.538
9/29/13 3:30,3.538
9/29/13 4:00,3.538
9/29/13 4:30,3.538
9/29/13 5:00,3.538
9/29/13 5:30,3.538
9/29/13 6:00,3.512
9/29/13 6:30,3.512
9/29/13 7:00,3.512
9/29/13 7:30,3.485
9/29/13 8:00,3.485
9/29/13 8:30,3.485
9/29/13 9:00,3.485
9/29/13 9:30,3.485
9/29/13 10:00,3.485
9/29/13 10:30,3.485
9/29/13 11:00,3.485
9/29/13 11:30,3.485
9/29/13 12:00,3.485
9/29/13 12:30,3.485
9/29/13 13:00,3.485
9/29/13 13:30,3.485
9/29/13 14:00,3.459
9/29/13 14:30,3.485
9/29/13 15:00,3.485
9/29/13 15:30,3.459
9/29/13 16:00,3.485
9/29/13 16:30,3.485
9/29/13 17:00,3.485
9/29/13 17:30,3.485
9/29/13 18:00,3.485
9/29/13 18:30,3.485
9/29/13 19:00,3.485
9/29/13 19:30,3.485
9/29/13 20:00,3.485
9/29/13 20:30,3.512
9/29/13 21:00,3.538
9/29/13 21:30,3.512
9/29/13 22:00,3.512
9/29/13 22:30,3.485
9/29/13 23:00,3.485
9/29/13 23:30,3.485
9/30/13 0:00,3.459
9/30/13 0:30,3.459
9/30/13 1:00,3.459
9/30/13 1:30,3.459
9/30/13 2:00,3.433
9/30/13 2:30,3.433
9/30/13 3:00,3.433
9/30/13 3:30,3.433
9/30/13 4:00,3.433
9/30/13 4:30,3.433
9/30/13 5:00,3.433
9/30/13 5:30,3.433
9/30/13 6:00,3.433
9/30/13 6:30,3.433
9/30/13 7:00,3.433
9/30/13 7:30,3.433
9/30/13 8:00,3.433
9/30/13 8:30,3.433
9/30/13 9:00,3.433
9/30/13 9:30,3.433
9/30/13 10:00,3.433
9/30/13 10:30,3.433
9/30/13 11:00,3.433
9/30/13 11:30,3.433
9/30/13 12:00,3.433
9/30/13 12:30,3.433
9/30/13 13:00,3.433
9/30/13 13:30,3.433
9/30/13 14:00,3.433
9/30/13 14:30,3.433
9/30/13 15:00,3.433
9/30/13 15:30,3.433
9/30/13 16:00,3.433
9/30/13 16:30,3.459
9/30/13 17:00,3.459
9/30/13 17:30,3.459
9/30/13 18:00,3.459
9/30/13 18:30,3.459
9/30/13 19:00,3.459
9/30/13 19:30,3.459
9/30/13 20:00,3.459
9/30/13 20:30,3.459
9/30/13 21:00,3.459
9/30/13 21:30,3.459
9/30/13 22:00,3.459
9/30/13 22:30,3.459
9/30/13 23:00,3.459
9/30/13 23:30,3.459
10/1/13 0:00,3.485
10/1/13 0:30,3.485
10/1/13 1:00,3.485
10/1/13 1:30,3.485
10/1/13 2:00,3.485
10/1/13 2:30,3.485
10/1/13 3:00,3.485
10/1/13 3:30,3.485
10/1/13 4:00,3.485
10/1/13 4:30,3.485
10/1/13 5:00,3.485
10/1/13 5:30,3.485
10/1/13 6:00,3.485
10/1/13 6:30,3.485
10/1/13 7:00,3.485
10/1/13 7:30,3.485
10/1/13 8:00,3.485
10/1/13 8:30,3.485
10/1/13 9:00,3.485
10/1/13 9:30,3.485
10/1/13 10:00,3.512
10/1/13 10:30,3.512
10/1/13 11:00,3.512
10/1/13 11:30,3.512
10/1/13 12:00,3.512
10/1/13 12:30,3.512
10/1/13 13:00,3.512
10/1/13 13:30,3.512
10/1/13 14:00,3.512
10/1/13 14:30,3.512
10/1/13 15:00,3.512
10/1/13 15:30,3.512
10/1/13 16:00,3.512
10/1/13 16:30,3.512
10/1/13 17:00,3.512
10/1/13 17:30,3.512
10/1/13 18:00,3.512
10/1/13 18:30,3.512
10/1/13 19:00,3.512
10/1/13 19:30,3.512
10/1/13 20:00,3.512
10/1/13 20:30,3.512
10/1/13 21:00,3.512
10/1/13 21:30,3.512
10/1/13 22:00,3.512
10/1/13 22:30,3.512
10/1/13 23:00,3.512
10/1/13 23:30,3.512
10/2/13 0:00,3.512
10/2/13 0:30,3.512
10/2/13 1:00,3.512
10/2/13 1:30,3.512
10/2/13 2:00,3.512
10/2/13 2:30,3.512
10/2/13 3:00,3.512
10/2/13 3:30,3.512
10/2/13 4:00,3.512
10/2/13 4:30,3.512
10/2/13 5:00,3.512
10/2/13 5:30,3.512
10/2/13 6:00,3.512
10/2/13 6:30,3.512
10/2/13 7:00,3.512
10/2/13 7:30,3.512
10/2/13 8:00,3.512
10/2/13 8:30,3.512
10/2/13 9:00,3.512
10/2/13 9:30,3.512
10/2/13 10:00,3.512
10/2/13 10:30,3.512
10/2/13 11:00,3.512
10/2/13 11:30,3.512
10/2/13 12:00,3.512
10/2/13 12:30,3.512
10/2/13 13:00,3.512
10/2/13 13:30,3.512
10/2/13 14:00,3.512
10/2/13 14:30,3.512
10/2/13 15:00,3.512
10/2/13 15:30,3.512
10/2/13 16:00,3.485
10/2/13 16:30,3.485
10/2/13 17:00,3.485
10/2/13 17:30,3.485
10/2/13 18:00,3.485
10/2/13 18:30,3.485
10/2/13 19:00,3.485
10/2/13 19:30,3.485
10/2/13 20:00,3.485
10/2/13 20:30,3.485
10/2/13 21:00,3.485
10/2/13 21:30,3.485
10/2/13 22:00,3.485
10/2/13 22:30,3.485
10/2/13 23:00,3.485
10/2/13 23:30,3.485
10/3/13 0:00,3.485
10/3/13 0:30,3.485
10/3/13 1:00,3.485
10/3/13 1:30,3.485
10/3/13 2:00,3.485
10/3/13 2:30,3.485
10/3/13 3:00,3.485
10/3/13 3:30,3.485
10/3/13 4:00,3.485
10/3/13 4:30,3.485
10/3/13 5:00,3.485
10/3/13 5:30,3.485
10/3/13 6:00,3.485
10/3/13 6:30,3.485
10/3/13 7:00,3.485
10/3/13 7:30,3.485
10/3/13 8:00,3.485
10/3/13 8:30,3.485
10/3/13 9:00,3.485
10/3/13 9:30,3.485
10/3/13 10:00,3.485
10/3/13 10:30,3.485
10/3/13 11:00,3.485
10/3/13 11:30,3.485
10/3/13 12:00,3.485
10/3/13 12:30,3.485
10/3/13 13:00,3.485
10/3/13 13:30,3.485
10/3/13 14:00,3.485
10/3/13 14:30,3.485
10/3/13 15:00,3.485
10/3/13 15:30,3.485
10/3/13 16:00,3.485
10/3/13 16:30,3.485
10/3/13 17:00,3.485
10/3/13 17:30,3.485
10/3/13 18:00,3.485
10/3/13 18:30,3.485
10/3/13 19:00,3.485
10/3/13 19:30,3.485
10/3/13 20:00,3.485
10/3/13 20:30,3.485
10/3/13 21:00,3.485
10/3/13 21:30,3.485
10/3/13 22:00,3.485
10/3/13 22:30,3.485
10/3/13 23:00,3.485
10/3/13 23:30,3.459
10/4/13 0:00,3.459
10/4/13 0:30,3.459
10/4/13 1:00,3.459
10/4/13 1:30,3.459
10/4/13 2:00,3.485
10/4/13 2:30,3.459
10/4/13 3:00,3.459
10/4/13 3:30,3.459
10/4/13 4:00,3.459
10/4/13 4:30,3.459
10/4/13 5:00,3.459
10/4/13 5:30,3.459
10/4/13 6:00,3.459
10/4/13 6:30,3.459
10/4/13 7:00,3.459
10/4/13 7:30,3.459
10/4/13 8:00,3.459
10/4/13 8:30,3.459
10/4/13 9:00,3.459
10/4/13 9:30,3.459
10/4/13 10:00,3.485
10/4/13 10:30,3.485
10/4/13 11:00,3.485
10/4/13 11:30,3.485
10/4/13 12:00,3.485
10/4/13 12:30,3.485
10/4/13 13:00,3.485
10/4/13 13:30,3.485
10/4/13 14:00,3.485
10/4/13 14:30,3.485
10/4/13 15:00,3.485
10/4/13 15:30,3.485
10/4/13 16:00,3.485
10/4/13 16:30,3.485
10/4/13 17:00,3.485
10/4/13 17:30,3.485
10/4/13 18:00,3.459
10/4/13 18:30,3.459
10/4/13 19:00,3.459
10/4/13 19:30,3.459
10/4/13 20:00,3.459
10/4/13 20:30,3.459
10/4/13 21:00,3.459
10/4/13 21:30,3.459
10/4/13 22:00,3.459
10/4/13 22:30,3.459
10/4/13 23:00,3.459
10/4/13 23:30,3.459
10/5/13 0:00,3.459
10/5/13 0:30,3.459
10/5/13 1:00,3.459
10/5/13 1:30,3.459
10/5/13 2:00,3.459
10/5/13 2:30,3.459
10/5/13 3:00,3.459
10/5/13 3:30,3.459
10/5/13 4:00,3.459
10/5/13 4:30,3.459
10/5/13 5:00,3.459
10/5/13 5:30,3.459
10/5/13 6:00,3.459
10/5/13 6:30,3.459
10/5/13 7:00,3.459
10/5/13 7:30,3.459
10/5/13 8:00,3.459
10/5/13 8:30,3.459
10/5/13 9:00,3.459
10/5/13 9:30,3.459
10/5/13 10:00,3.459
10/5/13 10:30,3.459
10/5/13 11:00,3.459
10/5/13 11:30,3.459
10/5/13 12:00,3.459
10/5/13 12:30,3.485
10/5/13 13:00,3.485
10/5/13 13:30,3.485
10/5/13 14:00,3.485
10/5/13 14:30,3.485
10/5/13 15:00,3.485
10/5/13 15:30,3.485
10/5/13 16:00,3.459
10/5/13 16:30,3.459
10/5/13 17:00,3.459
10/5/13 17:30,3.459
10/5/13 18:00,3.459
10/5/13 18:30,3.459
10/5/13 19:00,3.459
10/5/13 19:30,3.459
10/5/13 20:00,3.459
10/5/13 20:30,3.459
10/5/13 21:00,3.459
10/5/13 21:30,3.459
10/5/13 22:00,3.459
10/5/13 22:30,3.459
10/5/13 23:00,3.459
10/5/13 23:30,3.459
10/6/13 0:00,3.459
10/6/13 0:30,3.459
10/6/13 1:00,3.459
10/6/13 1:30,3.459
10/6/13 2:00,3.459
10/6/13 2:30,3.459
10/6/13 3:00,3.459
10/6/13 3:30,3.459
10/6/13 4:00,3.459
10/6/13 4:30,3.459
10/6/13 5:00,3.459
10/6/13 5:30,3.459
10/6/13 6:00,3.459
10/6/13 6:30,3.459
10/6/13 7:00,3.459
10/6/13 7:30,3.459
10/6/13 8:00,3.459
10/6/13 8:30,3.459
10/6/13 9:00,3.459
10/6/13 9:30,3.459
10/6/13 10:00,3.459
10/6/13 10:30,3.459
10/6/13 11:00,3.459
10/6/13 11:30,3.459
10/6/13 12:00,3.459
10/6/13 12:30,3.459
10/6/13 13:00,3.459
10/6/13 13:30,3.459
10/6/13 14:00,3.459